month,reservoir_irrigation_baseline_m3,reservoir_storage_m3,raw_delivery_capacity_m3,delivery_to_baseline_ratio,environmental_flow_ratio,effective_delivery_capacity_m3,full_s2_plan_demand_proportional_m3,full_s2_difference_m3,full_s2_coverage_ratio,protected_perennial_demand_m3,protected_perennial_monthly_status
2024-01,409962.85385467595,32434884.767063722,471457.0,1.1499993122965295,0.1,424311.3,848932.4880138221,-424621.18801382213,0.4998174837114862,,NOT_EVALUATED: active calibrated source has no crop-specific planting/harvest monthly floor
2024-02,387159.97043184337,30055925.47712111,445234.0,1.1500000878277268,0.1,400710.60000000003,801713.3110176143,-401002.7110176143,0.4998178207760805,,NOT_EVALUATED: active calibrated source has no crop-specific planting/harvest monthly floor
2024-03,685504.7888226453,23943468.345498048,788331.0,1.1500007189650108,0.1,709497.9,1419512.2325079902,-710014.3325079902,0.4998180950835916,,NOT_EVALUATED: active calibrated source has no crop-specific planting/harvest monthly floor
2024-04,688514.9434675148,15653555.149475427,791792.0,1.149999731323708,0.1,712612.8,1425745.5242512499,-713132.7242512498,0.4998176658308211,,NOT_EVALUATED: active calibrated source has no crop-specific planting/harvest monthly floor
2024-05,1032297.6624982946,7370590.340540514,1187142.0,1.149999697884583,0.1,1068427.8,2137635.19000719,-1069207.3900071902,0.49981765129736955,,NOT_EVALUATED: active calibrated source has no crop-specific planting/harvest monthly floor
2024-06,2005503.3765808204,6738392.008153152,2306329.0,1.1500000583055894,0.1,2075696.1,4152905.452756932,-2077209.352756932,0.4998178079450464,,NOT_EVALUATED: active calibrated source has no crop-specific planting/harvest monthly floor
2024-07,1997612.03127972,6738392.008153152,2297254.0,1.1500000821122018,0.1,2067528.6,4136564.4127401356,-2069035.8127401355,0.4998178182919752,,NOT_EVALUATED: active calibrated source has no crop-specific planting/harvest monthly floor
2024-08,1515266.905172457,6738392.008153152,1742557.0,1.1500000389711371,0.1,1568301.3,3137745.997516761,-1569444.697516761,0.4998177995418262,,NOT_EVALUATED: active calibrated source has no crop-specific planting/harvest monthly floor
2024-09,958963.6139309086,6738392.008153152,1102808.0,1.1499998373029563,0.1,992527.2000000001,1985778.3675632086,-993251.1675632085,0.49981771189196283,,NOT_EVALUATED: active calibrated source has no crop-specific planting/harvest monthly floor
2024-10,949279.8299982098,14382000.312427746,1091672.0,1.1500002059477643,0.1,982504.8,1965725.6269061528,-983220.8269061528,0.4998178721139024,,NOT_EVALUATED: active calibrated source has no crop-specific planting/harvest monthly floor
2024-11,565160.4235058321,23485920.644361366,649934.0,1.1499991382416626,0.1,584940.6,1170308.5778201392,-585367.9778201393,0.4998174080630361,,NOT_EVALUATED: active calibrated source has no crop-specific planting/harvest monthly floor
2024-12,362536.4404570768,30566584.25588144,416917.0,1.150000257834389,0.1,375225.3,750724.0216988034,-375498.7216988034,0.499817894665083,,NOT_EVALUATED: active calibrated source has no crop-specific planting/harvest monthly floor
