required_variable,current_gap,likely_source,impact,unit,used_for,priority
official annual irrigation allocation,not supplied with traceable authority,DSİ / irrigation scheme authority,"Without it, this cannot be verified: Defines authoritative annual supply",m3/year,Defines authoritative annual supply,critical
official monthly allocation or release schedule,not supplied with traceable authority,DSİ / reservoir operator,"Without it, this cannot be verified: Defines monthly available supply",m3/month,Defines monthly available supply,critical
reservoir storage and inflow/outflow observations,not supplied with traceable authority,DSİ / reservoir operator,"Without it, this cannot be verified: Validates water balance and operating year",m3 and m3/month,Validates water balance and operating year,high
dead storage and operating rule curve,not supplied with traceable authority,DSİ design/operation records,"Without it, this cannot be verified: Separates stored volume from usable irrigation volume",m3; elevation/month,Separates stored volume from usable irrigation volume,high
environmental release obligation,not supplied with traceable authority,official basin/environmental decision,"Without it, this cannot be verified: Replaces assumed 10 percent reserve",m3/month or ratio,Replaces assumed 10 percent reserve,high
canal design and operational conveyance capacity,not supplied with traceable authority,DSİ / irrigation association,"Without it, this cannot be verified: Replaces 1.15 delivery proxy",m3/s and m3/month,Replaces 1.15 delivery proxy,critical
monthly delivered-water or SCADA records,not supplied with traceable authority,irrigation association / DSİ,"Without it, this cannot be verified: Validates actual delivery capacity and losses",m3/month,Validates actual delivery capacity and losses,critical
scheme conveyance loss or efficiency,not supplied with traceable authority,field test / operator records,"Without it, this cannot be verified: Links release to farm-gate water",dimensionless,Links release to farm-gate water,high
crop- and orchard-specific irrigation requirement,not supplied with traceable authority,field study / validated CROPWAT inputs,"Without it, this cannot be verified: Validates perennial demand and monthly floor",mm/month and m3/da,Validates perennial demand and monthly floor,critical
deficit-irrigation response thresholds,not supplied with traceable authority,local agronomic trials/literature,"Without it, this cannot be verified: Required before any survival/minimum claim",mm or fraction of full requirement,Required before any survival/minimum claim,high
