analysis_unit_id,settlement,area_da,current_crop,perennial_status_source,current_water_m3,current_profit_tl,model_water_floor_m3,floor_method,floor_source,monthly_floor_if_available,candidate_availability,candidate_row_count,notes
P112,Bor İlçe Merkezi,700.0,BAĞ,Phase 1 observed-current lock contract; current_crop plus frozen 52-unit fixture,449764.0,5600000.0,323830.08,primary calibrated gross m3/da × full unit area_da × water_saving multiplier 0.72,senaryo2_backend_seasons.csv primary current-crop row; app.py:_apply_s2_irrigation_adjustments,,current crop present,45,Objective-dependent current-model demand; not orchard survival water and not official demand.
P113,Bor İlçe Merkezi,20.0,ARMUT,Phase 1 observed-current lock contract; current_crop plus frozen 52-unit fixture,16959.8,200000.0,12211.055999999999,primary calibrated gross m3/da × full unit area_da × water_saving multiplier 0.72,senaryo2_backend_seasons.csv primary current-crop row; app.py:_apply_s2_irrigation_adjustments,,current crop present,45,Objective-dependent current-model demand; not orchard survival water and not official demand.
P114,Bor İlçe Merkezi,4940.0,ELMA,Phase 1 observed-current lock contract; current_crop plus frozen 52-unit fixture,4016269.4,54340000.0,2891713.968,primary calibrated gross m3/da × full unit area_da × water_saving multiplier 0.72,senaryo2_backend_seasons.csv primary current-crop row; app.py:_apply_s2_irrigation_adjustments,,current crop present,45,Objective-dependent current-model demand; not orchard survival water and not official demand.
P115,Bor İlçe Merkezi,13.0,ERİK,Phase 1 observed-current lock contract; current_crop plus frozen 52-unit fixture,10179.26,117000.0,7329.0671999999995,primary calibrated gross m3/da × full unit area_da × water_saving multiplier 0.72,senaryo2_backend_seasons.csv primary current-crop row; app.py:_apply_s2_irrigation_adjustments,,current crop present,45,Objective-dependent current-model demand; not orchard survival water and not official demand.
P116,Bor İlçe Merkezi,170.0,KAYSI,Phase 1 observed-current lock contract; current_crop plus frozen 52-unit fixture,136093.5,1615000.0,97987.31999999999,primary calibrated gross m3/da × full unit area_da × water_saving multiplier 0.72,senaryo2_backend_seasons.csv primary current-crop row; app.py:_apply_s2_irrigation_adjustments,,current crop present,45,Objective-dependent current-model demand; not orchard survival water and not official demand.
P117,Bor İlçe Merkezi,24.0,KİRAZ,Phase 1 observed-current lock contract; current_crop plus frozen 52-unit fixture,19453.2,276000.0,14006.304,primary calibrated gross m3/da × full unit area_da × water_saving multiplier 0.72,senaryo2_backend_seasons.csv primary current-crop row; app.py:_apply_s2_irrigation_adjustments,,current crop present,45,Objective-dependent current-model demand; not orchard survival water and not official demand.
P118,Bor İlçe Merkezi,4.0,NEKTAR,Phase 1 observed-current lock contract; current_crop plus frozen 52-unit fixture,3391.96,40000.0,2442.2111999999997,primary calibrated gross m3/da × full unit area_da × water_saving multiplier 0.72,senaryo2_backend_seasons.csv primary current-crop row; app.py:_apply_s2_irrigation_adjustments,,current crop present,45,Objective-dependent current-model demand; not orchard survival water and not official demand.
P119,Bor İlçe Merkezi,15.0,ŞEFTALİ,Phase 1 observed-current lock contract; current_crop plus frozen 52-unit fixture,12719.85,147000.0,9158.292,primary calibrated gross m3/da × full unit area_da × water_saving multiplier 0.72,senaryo2_backend_seasons.csv primary current-crop row; app.py:_apply_s2_irrigation_adjustments,,current crop present,45,Objective-dependent current-model demand; not orchard survival water and not official demand.
P120,Bor İlçe Merkezi,3.0,BADEM,Phase 1 observed-current lock contract; current_crop plus frozen 52-unit fixture,1974.63,27000.0,1421.7336,primary calibrated gross m3/da × full unit area_da × water_saving multiplier 0.72,senaryo2_backend_seasons.csv primary current-crop row; app.py:_apply_s2_irrigation_adjustments,,current crop present,45,Objective-dependent current-model demand; not orchard survival water and not official demand.
P121,Bor İlçe Merkezi,258.0,CEVİZ,Phase 1 observed-current lock contract; current_crop plus frozen 52-unit fixture,209756.58,2580000.0,151024.7376,primary calibrated gross m3/da × full unit area_da × water_saving multiplier 0.72,senaryo2_backend_seasons.csv primary current-crop row; app.py:_apply_s2_irrigation_adjustments,,current crop present,45,Objective-dependent current-model demand; not orchard survival water and not official demand.
P147,Kemerhisar,2800.0,BAĞ,Phase 1 observed-current lock contract; current_crop plus frozen 52-unit fixture,1799056.0,22400000.0,1295320.32,primary calibrated gross m3/da × full unit area_da × water_saving multiplier 0.72,senaryo2_backend_seasons.csv primary current-crop row; app.py:_apply_s2_irrigation_adjustments,,current crop present,35,Objective-dependent current-model demand; not orchard survival water and not official demand.
P148,Kemerhisar,50.0,ARMUT,Phase 1 observed-current lock contract; current_crop plus frozen 52-unit fixture,42399.5,500000.0,30527.64,primary calibrated gross m3/da × full unit area_da × water_saving multiplier 0.72,senaryo2_backend_seasons.csv primary current-crop row; app.py:_apply_s2_irrigation_adjustments,,current crop present,35,Objective-dependent current-model demand; not orchard survival water and not official demand.
P149,Kemerhisar,9546.0,ELMA,Phase 1 observed-current lock contract; current_crop plus frozen 52-unit fixture,7760993.46,105006000.0,5587915.2912,primary calibrated gross m3/da × full unit area_da × water_saving multiplier 0.72,senaryo2_backend_seasons.csv primary current-crop row; app.py:_apply_s2_irrigation_adjustments,,current crop present,35,Objective-dependent current-model demand; not orchard survival water and not official demand.
P150,Kemerhisar,30.0,ERİK,Phase 1 observed-current lock contract; current_crop plus frozen 52-unit fixture,23490.6,270000.0,16913.232,primary calibrated gross m3/da × full unit area_da × water_saving multiplier 0.72,senaryo2_backend_seasons.csv primary current-crop row; app.py:_apply_s2_irrigation_adjustments,,current crop present,35,Objective-dependent current-model demand; not orchard survival water and not official demand.
P151,Kemerhisar,356.0,KAYSI,Phase 1 observed-current lock contract; current_crop plus frozen 52-unit fixture,284995.8,3382000.0,205196.976,primary calibrated gross m3/da × full unit area_da × water_saving multiplier 0.72,senaryo2_backend_seasons.csv primary current-crop row; app.py:_apply_s2_irrigation_adjustments,,current crop present,35,Objective-dependent current-model demand; not orchard survival water and not official demand.
P152,Kemerhisar,15.0,KİRAZ,Phase 1 observed-current lock contract; current_crop plus frozen 52-unit fixture,12158.25,172500.0,8753.94,primary calibrated gross m3/da × full unit area_da × water_saving multiplier 0.72,senaryo2_backend_seasons.csv primary current-crop row; app.py:_apply_s2_irrigation_adjustments,,current crop present,35,Objective-dependent current-model demand; not orchard survival water and not official demand.
P153,Kemerhisar,16.0,NEKTAR,Phase 1 observed-current lock contract; current_crop plus frozen 52-unit fixture,13567.84,160000.0,9768.844799999999,primary calibrated gross m3/da × full unit area_da × water_saving multiplier 0.72,senaryo2_backend_seasons.csv primary current-crop row; app.py:_apply_s2_irrigation_adjustments,,current crop present,35,Objective-dependent current-model demand; not orchard survival water and not official demand.
P154,Kemerhisar,8.0,ŞEFTALİ,Phase 1 observed-current lock contract; current_crop plus frozen 52-unit fixture,6783.92,78400.0,4884.4223999999995,primary calibrated gross m3/da × full unit area_da × water_saving multiplier 0.72,senaryo2_backend_seasons.csv primary current-crop row; app.py:_apply_s2_irrigation_adjustments,,current crop present,35,Objective-dependent current-model demand; not orchard survival water and not official demand.
P155,Kemerhisar,43.0,BADEM,Phase 1 observed-current lock contract; current_crop plus frozen 52-unit fixture,28303.03,387000.0,20378.181599999996,primary calibrated gross m3/da × full unit area_da × water_saving multiplier 0.72,senaryo2_backend_seasons.csv primary current-crop row; app.py:_apply_s2_irrigation_adjustments,,current crop present,35,Objective-dependent current-model demand; not orchard survival water and not official demand.
P156,Kemerhisar,597.0,CEVİZ,Phase 1 observed-current lock contract; current_crop plus frozen 52-unit fixture,485366.97,5970000.0,349464.21839999995,primary calibrated gross m3/da × full unit area_da × water_saving multiplier 0.72,senaryo2_backend_seasons.csv primary current-crop row; app.py:_apply_s2_irrigation_adjustments,,current crop present,35,Objective-dependent current-model demand; not orchard survival water and not official demand.
P171,Kaynarca,11.0,ARMUT,Phase 1 observed-current lock contract; current_crop plus frozen 52-unit fixture,9327.89,110000.0,6716.0808,primary calibrated gross m3/da × full unit area_da × water_saving multiplier 0.72,senaryo2_backend_seasons.csv primary current-crop row; app.py:_apply_s2_irrigation_adjustments,,current crop present,23,Objective-dependent current-model demand; not orchard survival water and not official demand.
P172,Kaynarca,2.0,BADEM,Phase 1 observed-current lock contract; current_crop plus frozen 52-unit fixture,1316.42,18000.0,947.8224,primary calibrated gross m3/da × full unit area_da × water_saving multiplier 0.72,senaryo2_backend_seasons.csv primary current-crop row; app.py:_apply_s2_irrigation_adjustments,,current crop present,23,Objective-dependent current-model demand; not orchard survival water and not official demand.
P173,Kaynarca,350.0,BAĞ,Phase 1 observed-current lock contract; current_crop plus frozen 52-unit fixture,224882.0,2800000.0,161915.04,primary calibrated gross m3/da × full unit area_da × water_saving multiplier 0.72,senaryo2_backend_seasons.csv primary current-crop row; app.py:_apply_s2_irrigation_adjustments,,current crop present,23,Objective-dependent current-model demand; not orchard survival water and not official demand.
P174,Kaynarca,79.0,CEVİZ,Phase 1 observed-current lock contract; current_crop plus frozen 52-unit fixture,64227.79,790000.0,46244.008799999996,primary calibrated gross m3/da × full unit area_da × water_saving multiplier 0.72,senaryo2_backend_seasons.csv primary current-crop row; app.py:_apply_s2_irrigation_adjustments,,current crop present,23,Objective-dependent current-model demand; not orchard survival water and not official demand.
P175,Kaynarca,130.0,ELMA,Phase 1 observed-current lock contract; current_crop plus frozen 52-unit fixture,105691.3,1430000.0,76097.736,primary calibrated gross m3/da × full unit area_da × water_saving multiplier 0.72,senaryo2_backend_seasons.csv primary current-crop row; app.py:_apply_s2_irrigation_adjustments,,current crop present,23,Objective-dependent current-model demand; not orchard survival water and not official demand.
P176,Kaynarca,40.0,KAYSI,Phase 1 observed-current lock contract; current_crop plus frozen 52-unit fixture,32022.0,380000.0,23055.84,primary calibrated gross m3/da × full unit area_da × water_saving multiplier 0.72,senaryo2_backend_seasons.csv primary current-crop row; app.py:_apply_s2_irrigation_adjustments,,current crop present,23,Objective-dependent current-model demand; not orchard survival water and not official demand.
P177,Kaynarca,3.0,KİRAZ,Phase 1 observed-current lock contract; current_crop plus frozen 52-unit fixture,2431.65,34500.0,1750.788,primary calibrated gross m3/da × full unit area_da × water_saving multiplier 0.72,senaryo2_backend_seasons.csv primary current-crop row; app.py:_apply_s2_irrigation_adjustments,,current crop present,23,Objective-dependent current-model demand; not orchard survival water and not official demand.
P178,Kaynarca,6.0,NEKTAR,Phase 1 observed-current lock contract; current_crop plus frozen 52-unit fixture,5087.94,60000.0,3663.3167999999996,primary calibrated gross m3/da × full unit area_da × water_saving multiplier 0.72,senaryo2_backend_seasons.csv primary current-crop row; app.py:_apply_s2_irrigation_adjustments,,current crop present,23,Objective-dependent current-model demand; not orchard survival water and not official demand.
P179,Kaynarca,32.0,ŞEFTALİ,Phase 1 observed-current lock contract; current_crop plus frozen 52-unit fixture,27135.68,313600.0,19537.689599999998,primary calibrated gross m3/da × full unit area_da × water_saving multiplier 0.72,senaryo2_backend_seasons.csv primary current-crop row; app.py:_apply_s2_irrigation_adjustments,,current crop present,23,Objective-dependent current-model demand; not orchard survival water and not official demand.
P36,Sazlıca,63.0,BAĞ,Phase 1 observed-current lock contract; current_crop plus frozen 52-unit fixture,40478.76,504000.0,29144.7072,primary calibrated gross m3/da × full unit area_da × water_saving multiplier 0.72,senaryo2_backend_seasons.csv primary current-crop row; app.py:_apply_s2_irrigation_adjustments,,current crop present,47,Objective-dependent current-model demand; not orchard survival water and not official demand.
P37,Sazlıca,86.0,ARMUT,Phase 1 observed-current lock contract; current_crop plus frozen 52-unit fixture,72922.84,860000.0,52504.4448,primary calibrated gross m3/da × full unit area_da × water_saving multiplier 0.72,senaryo2_backend_seasons.csv primary current-crop row; app.py:_apply_s2_irrigation_adjustments,,current crop present,47,Objective-dependent current-model demand; not orchard survival water and not official demand.
P38,Sazlıca,3826.0,ELMA,Phase 1 observed-current lock contract; current_crop plus frozen 52-unit fixture,3110423.22,42086000.0,2239504.7184,primary calibrated gross m3/da × full unit area_da × water_saving multiplier 0.72,senaryo2_backend_seasons.csv primary current-crop row; app.py:_apply_s2_irrigation_adjustments,,current crop present,47,Objective-dependent current-model demand; not orchard survival water and not official demand.
P39,Sazlıca,126.0,ERİK,Phase 1 observed-current lock contract; current_crop plus frozen 52-unit fixture,98656.74,1134000.0,71032.85280000001,primary calibrated gross m3/da × full unit area_da × water_saving multiplier 0.72,senaryo2_backend_seasons.csv primary current-crop row; app.py:_apply_s2_irrigation_adjustments,,current crop present,47,Objective-dependent current-model demand; not orchard survival water and not official demand.
P40,Sazlıca,456.0,KAYSI,Phase 1 observed-current lock contract; current_crop plus frozen 52-unit fixture,365050.8,4332000.0,262836.576,primary calibrated gross m3/da × full unit area_da × water_saving multiplier 0.72,senaryo2_backend_seasons.csv primary current-crop row; app.py:_apply_s2_irrigation_adjustments,,current crop present,47,Objective-dependent current-model demand; not orchard survival water and not official demand.
P41,Sazlıca,129.0,KİRAZ,Phase 1 observed-current lock contract; current_crop plus frozen 52-unit fixture,104560.95,1483500.0,75283.88399999999,primary calibrated gross m3/da × full unit area_da × water_saving multiplier 0.72,senaryo2_backend_seasons.csv primary current-crop row; app.py:_apply_s2_irrigation_adjustments,,current crop present,47,Objective-dependent current-model demand; not orchard survival water and not official demand.
P42,Sazlıca,2525.0,NEKTAR,Phase 1 observed-current lock contract; current_crop plus frozen 52-unit fixture,2141048.5,25250000.0,1541554.92,primary calibrated gross m3/da × full unit area_da × water_saving multiplier 0.72,senaryo2_backend_seasons.csv primary current-crop row; app.py:_apply_s2_irrigation_adjustments,,current crop present,47,Objective-dependent current-model demand; not orchard survival water and not official demand.
P43,Sazlıca,596.0,ŞEFTALİ,Phase 1 observed-current lock contract; current_crop plus frozen 52-unit fixture,505372.24,5840800.0,363868.01279999997,primary calibrated gross m3/da × full unit area_da × water_saving multiplier 0.72,senaryo2_backend_seasons.csv primary current-crop row; app.py:_apply_s2_irrigation_adjustments,,current crop present,47,Objective-dependent current-model demand; not orchard survival water and not official demand.
P44,Sazlıca,2.0,VİŞNE,Phase 1 observed-current lock contract; current_crop plus frozen 52-unit fixture,1621.1,19000.0,1167.1919999999998,primary calibrated gross m3/da × full unit area_da × water_saving multiplier 0.72,senaryo2_backend_seasons.csv primary current-crop row; app.py:_apply_s2_irrigation_adjustments,,current crop present,47,Objective-dependent current-model demand; not orchard survival water and not official demand.
P45,Sazlıca,71.0,BADEM,Phase 1 observed-current lock contract; current_crop plus frozen 52-unit fixture,46737.17,639000.0,33650.7624,primary calibrated gross m3/da × full unit area_da × water_saving multiplier 0.72,senaryo2_backend_seasons.csv primary current-crop row; app.py:_apply_s2_irrigation_adjustments,,current crop present,47,Objective-dependent current-model demand; not orchard survival water and not official demand.
P46,Sazlıca,251.0,CEVİZ,Phase 1 observed-current lock contract; current_crop plus frozen 52-unit fixture,204055.47,2510000.0,146919.93839999998,primary calibrated gross m3/da × full unit area_da × water_saving multiplier 0.72,senaryo2_backend_seasons.csv primary current-crop row; app.py:_apply_s2_irrigation_adjustments,,current crop present,47,Objective-dependent current-model demand; not orchard survival water and not official demand.
P47,Sazlıca,12.0,ÇİLEK,Phase 1 observed-current lock contract; current_crop plus frozen 52-unit fixture,7890.96,180000.0,5681.4912,primary calibrated gross m3/da × full unit area_da × water_saving multiplier 0.72,senaryo2_backend_seasons.csv primary current-crop row; app.py:_apply_s2_irrigation_adjustments,,current crop present,47,Objective-dependent current-model demand; not orchard survival water and not official demand.
P68,Bahçeli,1500.0,BAĞ,Phase 1 observed-current lock contract; current_crop plus frozen 52-unit fixture,963780.0,12000000.0,693921.6,primary calibrated gross m3/da × full unit area_da × water_saving multiplier 0.72,senaryo2_backend_seasons.csv primary current-crop row; app.py:_apply_s2_irrigation_adjustments,,current crop present,31,Objective-dependent current-model demand; not orchard survival water and not official demand.
P69,Bahçeli,222.0,ARMUT,Phase 1 observed-current lock contract; current_crop plus frozen 52-unit fixture,188242.68,2220000.0,135534.7296,primary calibrated gross m3/da × full unit area_da × water_saving multiplier 0.72,senaryo2_backend_seasons.csv primary current-crop row; app.py:_apply_s2_irrigation_adjustments,,current crop present,31,Objective-dependent current-model demand; not orchard survival water and not official demand.
P70,Bahçeli,53.0,AYVA,Phase 1 observed-current lock contract; current_crop plus frozen 52-unit fixture,44940.82,503500.0,32357.3904,primary calibrated gross m3/da × full unit area_da × water_saving multiplier 0.72,senaryo2_backend_seasons.csv primary current-crop row; app.py:_apply_s2_irrigation_adjustments,,current crop present,31,Objective-dependent current-model demand; not orchard survival water and not official demand.
P71,Bahçeli,8438.0,ELMA,Phase 1 observed-current lock contract; current_crop plus frozen 52-unit fixture,6859840.86,92818000.0,4939085.4192,primary calibrated gross m3/da × full unit area_da × water_saving multiplier 0.72,senaryo2_backend_seasons.csv primary current-crop row; app.py:_apply_s2_irrigation_adjustments,,current crop present,31,Objective-dependent current-model demand; not orchard survival water and not official demand.
P72,Bahçeli,41.0,ERİK,Phase 1 observed-current lock contract; current_crop plus frozen 52-unit fixture,32102.59,369000.0,23113.8648,primary calibrated gross m3/da × full unit area_da × water_saving multiplier 0.72,senaryo2_backend_seasons.csv primary current-crop row; app.py:_apply_s2_irrigation_adjustments,,current crop present,31,Objective-dependent current-model demand; not orchard survival water and not official demand.
P73,Bahçeli,480.0,KAYSI,Phase 1 observed-current lock contract; current_crop plus frozen 52-unit fixture,384264.0,4560000.0,276670.08,primary calibrated gross m3/da × full unit area_da × water_saving multiplier 0.72,senaryo2_backend_seasons.csv primary current-crop row; app.py:_apply_s2_irrigation_adjustments,,current crop present,31,Objective-dependent current-model demand; not orchard survival water and not official demand.
P74,Bahçeli,20.0,KİRAZ,Phase 1 observed-current lock contract; current_crop plus frozen 52-unit fixture,16211.0,230000.0,11671.92,primary calibrated gross m3/da × full unit area_da × water_saving multiplier 0.72,senaryo2_backend_seasons.csv primary current-crop row; app.py:_apply_s2_irrigation_adjustments,,current crop present,31,Objective-dependent current-model demand; not orchard survival water and not official demand.
P75,Bahçeli,98.0,NEKTAR,Phase 1 observed-current lock contract; current_crop plus frozen 52-unit fixture,83098.12,980000.0,59830.6464,primary calibrated gross m3/da × full unit area_da × water_saving multiplier 0.72,senaryo2_backend_seasons.csv primary current-crop row; app.py:_apply_s2_irrigation_adjustments,,current crop present,31,Objective-dependent current-model demand; not orchard survival water and not official demand.
P76,Bahçeli,25.0,ŞEFTALİ,Phase 1 observed-current lock contract; current_crop plus frozen 52-unit fixture,21198.5,245000.0,15262.92,primary calibrated gross m3/da × full unit area_da × water_saving multiplier 0.72,senaryo2_backend_seasons.csv primary current-crop row; app.py:_apply_s2_irrigation_adjustments,,current crop present,31,Objective-dependent current-model demand; not orchard survival water and not official demand.
P77,Bahçeli,2.0,BADEM,Phase 1 observed-current lock contract; current_crop plus frozen 52-unit fixture,1316.54,18000.0,947.9087999999999,primary calibrated gross m3/da × full unit area_da × water_saving multiplier 0.72,senaryo2_backend_seasons.csv primary current-crop row; app.py:_apply_s2_irrigation_adjustments,,current crop present,31,Objective-dependent current-model demand; not orchard survival water and not official demand.
P78,Bahçeli,203.0,CEVİZ,Phase 1 observed-current lock contract; current_crop plus frozen 52-unit fixture,165032.91,2030000.0,118823.6952,primary calibrated gross m3/da × full unit area_da × water_saving multiplier 0.72,senaryo2_backend_seasons.csv primary current-crop row; app.py:_apply_s2_irrigation_adjustments,,current crop present,31,Objective-dependent current-model demand; not orchard survival water and not official demand.
