Bahçeli 2024 Profesyonel Parsel-Ürün Su Bütçesi ve Su Kotası Modeli,,,,,,
"Bu sürüm, Bahçeli ham üretim tablolarını ana veri kabul eder; aylık su bütçesi tarafında ise Niğde 2024 meteoroloji proxy verisi, bitki su tüketimi görsellerindeki ortak ürün referansları ve hocanın el yazısı notlarındaki kurallar birlikte kullanılmıştır. Bu nedenle alan ve üretim kalemleri doğrudan Bahçeli verisidir; ET0/ETc, efektif yağış, randıman ve brüt su çekişi ise model hesaplarıdır.",,,,,,
Bileşen,Kullanılan veri,Kaynak dosya,Bahçeli için kullanım,Formül / mantık,Hoca notu ile ilişkisi,Not
Ham ürün alanı ve üretim,2024 Bahçeli ham ürün tabloları,2024-BAHÇELİ.xlsx,Aktif ürün alanları ve üretim miktarları alındı,verim = üretim / alan,Mevcut deseni net görmek için,31 aktif ürün-parsel proxy üretildi
Meteoroloji 2024,"Aylık sıcaklık, yağış, rüzgâr, güneşlenme, solar radyasyon ve ET0 proxy",Bahçeli profesyonel workbook / Niğde proxy kaynakları,Bahçeli için aynı Niğde 2024 iklim proxy seti kullanıldı,"Efektif yağış = 0,80 × yağış",Aylık su tüketimi ve yağış katkısı istendi,Saha bazlı ayrı meteoroloji gelirse güncellenebilir
Ürün yıllık ETc ve aylık dağılım,Bahçeli ürün setindeki her aktif ürün için yıllık ETc referansı ve aylık dağılım katsayıları,bitki su tüketimi.zip görselleri + hocanın el yazısı notları + benzeşim/proxy kayıtları,Ortak ürünler için ETc referansı atandı; ayrı satırı olmayan ürünlerde aynı familya veya benzer ürün benzeşimi açıkça notlandı,ETc_ay = ET0_proxy × Kc_ölçekli; yıllık toplam ile aylık toplam birbirini kontrol eder,Bitki gelişim dönemine göre aylık dağılım ve ürün bazlı dikkat noktası,AYVA=ARMUT benzeşimi; proxy kullanılan ürünler 19_Urun_Girdi_Durumu sayfasında ayrıca listelendi
Sulama randımanı,"Damla, yağmurlama, karık ve açık/kapalı şebeke katsayıları",2_Randiman_Katsayi mantığı,Net sudan brüt baraj çekişine geçildi,Brüt = Net / (iletim × tarla içi),Kayıpların görünür olması istendi,"Açık şebeke ana kabul, kapalı sistem alternatif"
Parsel proxy yaklaşımı,Her aktif ürün alanı bir temsilî parsel kabul edildi,Bahçeli ham ürün tabloları,31 aktif alan → 31 parsel proxy,Su kotası = aynı ürünün yıllık brüt m3/da × alan,Her parselde her ürün denensin yaklaşımına temel,Gerçek kadastral parsel gelirse güçlenir
Aylık pik ay,Aylık brüt çekiş toplamları,4_Urun_Aylik_SuButcesi,Haziran pik ay olarak bulundu,Pik ay = MAX(aylık toplam brüt),Rezerv ve planlama için kritik,Bahçeli mevcut desen için hesaplandı
Alternatif desenler,"Parsel×ürün matrisi, %50-%50 desenler, karma sulama","6, 8, 9 ve 10. sayfalar",Su kotasına göre uygun alternatifler listelendi,Feasible koşul = toplam brüt ≤ parsel kotası,Her ay / her ürün için alternatif üretme talebi,Öneri özeti karar verici kısa listesidir
Toplam randıman,Toplam sistem verimi,Toplam = iletim randımanı × tarla içi randıman,Randıman ayrımı,2_Randiman_Katsayi / 3_Urun_Referans,Brüt çekiş buradan hesaplanır,Tamam
Brüt baraj çekişi,Barajdan fiilen çekilecek su,Brüt = Net / Toplam randıman,Ürün ve yöntem bazlı,3_Urun_Referans / 4_Urun_Aylik_SuButcesi,Aylık ve yıllık verildi,Tamam
Parsel su kotası,Mevcut desenin aynı parselde tam sulama altındaki yıllık brüt ihtiyacı,Kota toplam = alan × mevcut ürün brüt m3/da,Parsel proxy,5_Parsel_Proxy,Karşılaştırma referansı,Tamam
Kota altında verim,Su kısıtı altında beklenen verim,"Yield oranı = MAX(0, 1 - Ky × (1-ETa/ETm))",Doorenbos-Kassam mantığı,6_ParselxUrun_Kota,Profesyonel senaryo mantığı,Tamam
Karma sulama yöntemi,Aynı parselde birden fazla yöntem,Ağırlıklı tarla içi randıman = Σ(oransal pay × yöntem randımanı),Hoca notu,8_Karma_Sulama_Senaryo,%30/%40/%30 örnekleri eklendi,Tamam
Meteorolojik girdi,"Sıcaklık, nem, rüzgâr, güneşlenme, radyasyon, yağış ve ET0 proxy",2024_niğde.zip + 2026031321D2.zip + 20260313E4EB.zip + 202603137DF2.zip,Niğde istasyonu aylık serileri Bahçeli için iklim proxy olarak işlendi,1_Meteoroloji_2024,Ham hava verisi görünür hale getirildi; doğrudan Bahçeli istasyonu değildir,Tamam
DETAYLI AÇIKLAMA VE KULLANILAN FORMÜLLER,,,,,,
"Bu blok, dosyanın tamamında kullanılan ana hesap zincirini açıklar. Hocanın notlarında vurgulanan aylık su bütçesi, efektif yağış, sulama randımanı, açık/kapalı şebeke ve parsel bazlı öneri mantığı bu metodoloji üzerine kurulmuştur.",,,,,,
Başlık / sütun grubu,"Bu veri neyi ifade eder, nereden alındı?",Kullanılan kaynak / dosya,Formül / hesap mantığı,Bu bilgi neden gerekli? / kontrol ve sınır,,
Sayfanın amacı,"Bu sayfa tüm modelin özet yöntem haritasıdır. Her ana değişkenin hangi veri kaynağından geldiği, hangi formülle türetildiği ve hangi çalışma sayfasında kullanıldığı burada ilk bakışta görülebilir.","2024-BAHÇELİ.xlsx, meteoroloji ZIP dosyaları, bitki su tüketimi görselleri ve hocanın el yazısı notları birlikte kullanıldı.",Bu sayfa hesap yapmaz; diğer sayfalardaki formül mantığını tek yerde toplar.,Hocaya dosyanın mantığını anlatırken ilk açılması gereken sayfalardan biridir.,,
Gözlenen verim,Mevcut durum verimi ürünün 2024 yılında Bahçeli'da gözlenen performansını verir. Sonraki senaryolarda beklenen üretim hesabının temel referansıdır.,2024-BAHÇELİ.xlsx içindeki alan ve üretim değerleri,Gözlenen verim (ton/da) = Üretim (ton) / Alan (da),Bir ürün parselde önerildiğinde üretimi hesaplamak için önce birim alan verimini bilmek gerekir.,,
Bitki yoğunluğu ve ağaç/fide sayısı,"Her üründe sıra arası ve sıra üzeri değerlerinden bir bitkinin kapladığı alan ve dekara düşen bitki sayısı türetildi. Meyve ağaçlarında ağaç sayısı, sebzelerde fide yoğunluğu bu yolla hesaplandı.",Hocanın dikim aralığı vurgusu + teknik ürün bilgileri + önceki dosyalar,Alan_m2/bitki = Sıra arası × Sıra üzeri; Bitki adedi/da = 1000 / Alan_m2/bitki,Bitki başına yıllık net ve brüt su tüketimini hesaplamak ve parselde yaklaşık kaç birey bulunduğunu göstermek için gereklidir.,,
Aylık ETc modeli,"Yıllık ETc değeri tek başına yeterli görülmedi; hoca notuna uygun olarak ay bazına dağıtıldı. Böylece her ay su talebinin ne kadar değiştiği, pik ayın hangi ay olduğu ve rezerv planlamasında hangi dönemin kritik olduğu görünür hale geldi.",1_Meteoroloji_2024 ve 4_Urun_Aylik_SuButcesi,ETc_ay = ET0_proxy_ay × Kc_ölçekli_ay,Aylık bütçe olmadan sadece yıllık toplamla karar vermek pik sulama aylarını saklar ve planlamayı zayıflatır.,,
Efektif yağış,"Yağışın tamamı bitkinin kök bölgesine yararlı su olarak ulaşmadığı için basit bir efektif yağış katsayısı kullanıldı. Hoca notunda da CropWat benzeri yaklaşım ve 0,80 çarpanı özellikle vurgulanmıştı.",Meteoroloji yağış verileri + hocanın notu + FAO/CropWat yaklaşımı,"Efektif yağış = 0,80 × aylık yağış",Toplam yağış ile bitkinin gerçekten yararlanabildiği yağış aynı değildir; net sulama ihtiyacını doğru hesaplamak için bu ayrım zorunludur.,,
Net sulama,"Net sulama, bitkinin kök bölgesine verilmesi gereken gerçek su miktarıdır. Bu değer yağış katkısı düşüldükten sonra hesaplanır.",4_Urun_Aylik_SuButcesi,"Net sulama = MAX(ETc − Efektif yağış, 0)",Yağış ETc'yi karşıladığı aylarda sulama ihtiyacı sıfıra düşebilir; bu kontrol için MAX fonksiyonu mantığı gerekir.,,
Brüt sulama,Barajdan çekilecek su net sulamadan daha büyüktür; çünkü iletim ve tarla içi uygulama sırasında kayıp oluşur. Hoca notunda 'sulama şebekesi randımanı' ve 'tarla içi sistem kaybı' ayrımı özellikle istenmiştir.,"2_Randiman_Katsayi, 4_Urun_Aylik_SuButcesi",Toplam randıman = İletim randımanı × Tarla içi randıman; Brüt sulama = Net sulama / Toplam randıman,Barajdan fiilen çekilen su miktarını bulmak için kayıplar mutlaka hesaba katılmalıdır.,,
Parsel kotası,Her mevcut ürün alanı temsilî bir parsel gibi ele alındı ve o mevcut ürünün aynı alanda tam sulama altındaki yıllık brüt ihtiyacı 'parsel su kotası' olarak tanımlandı.,5_Parsel_Proxy,Parsel kotası (m3) = Parsel alanı (da) × mevcut ürünün yıllık brüt su ihtiyacı (m3/da),"Bu yaklaşım, her parselde aynı su bütçesiyle alternatif ürün veya desenleri kıyaslamayı sağlar.",,
Kota altında verim/üretim,"Aday ürün parsel kotasını aşıyorsa, ürünün tam sulama ihtiyacı ile kullanılabilir su oranı üzerinden bir verim oranı türetildi. Bu sürümde şeffaf ve izlenebilir kalmak için doğrusal oran varsayımı kullanıldı.",6_ParselxUrun_Kota,"Kota karşılama oranı = MIN(1, Parsel kotası / Aday ürünün tam sulama toplam brüt ihtiyacı); Verim oranı ≈ ETa/ETm oranı; Beklenen üretim = Alan × gözlenen verim × verim oranı",Her ürün aynı su altında aynı verimi vermez; kota kısıtı altında üretim kaybını göstermek gerekir.,,
Desen alternatifleri,Tek ürün önerisinin yanında %50-%50 desenler ve karma sulama yöntemleri ayrıca hesaplandı. Böylece bir parselin tamamını tek ürün yerine iki ürünle paylaşma ve yöntemi değiştirme seçenekleri görülebilir.,8_Karma_Sulama_Senaryo ve 9_YariYari_Oneri,"Karışım brüt su = 0,5×Ürün1 + 0,5×Ürün2; Karma randıman = yöntem yüzdeleri ile ağırlıklı ortalama",Hoca notundaki 'parselin tamamı aynı yöntem olmak zorunda değil' uyarısı bu sayfalarda karşılandı.,,
Doğruluk kontrolü ve sınırlar,"Toplam hesap zinciri tutarlıdır; ancak Bahçeli için doğrudan tam meteoroloji istasyonu yerine Niğde istasyonu iklim proxy olarak kullanılmıştır. Toprak ve sulama yöntemi ayrımlarında açıkça belirtilen kabuller korunmuş, belirsiz alanlar notlandırılmıştır.","1_Meteoroloji_2024, 3_Urun_Referans, 12_Hoca_Uyum_Kontrol",Kontrol mantığı: veri eksikliği olan yerler 'proxy' notuyla işaretlendi; belirsizlik saklanmadı.,Bu dosya karar destek amaçlı güçlü bir modeldir; resmi sulama tahsis belgesi yerine geçmez.,,
Sunum için önerilen okuma sırası,,,,,,
1,11_Bahceli_Toplam_Su_Ozeti,Köy ölçeğinde ana KPI ve pik ay,,,,
2,10_Oneri_Ozet,Parsel bazında kısa karar listesi,,,,
3,13_Veri_Sozlugu,Zor başlıkların açıklaması ve kullanıcı soruları,,,,
4,14_Formul_Izleme,Formül iz sürme ve hücre bazlı kanıt,,,,
5,6_ParselxUrun_Kota,Detay aday ürün-karar matrisi,,,,
6,8_Karma_Sulama_Senaryo / 9_YariYari_Oneri,Alternatif desen ve yöntem senaryoları,,,,
