algorithm_a,algorithm_b,bray_curtis,claim_classification,efficiency_difference_pct,feasible_agreement,l1_share_distance,profit_difference_pct,scenario,seed,top1_agreement,top3_jaccard,water_difference_pct,weighted_jaccard
GA,ACO,0.134960528289007,SAFE WITH LIMITATION,-2.0518466213470297,True,0.2698509857841595,1.761595352807148,S1,101,True,1.0,3.893327074183802,0.762175820347753
GA,ABC,0.12242358354736846,SAFE WITH LIMITATION,-1.932196805215638,True,0.24477992285296202,1.5510427230482315,S1,101,True,1.0,3.551868620270192,0.7818584973768028
ACO,ABC,0.012535531465598772,SAFE WITH LIMITATION,0.12215627554390258,True,0.025071062931197485,-0.206907752407901,S1,101,True,1.0,-0.3286625460264602,0.9752393252857918
GA,ACO,0.06832411100240753,SAFE WITH LIMITATION,-0.7013441495191194,True,0.13663598657618342,1.2232718682638057,S1,211,True,1.0,1.9382095369759276,0.8720910437221171
GA,ABC,0.06832411100240753,SAFE WITH LIMITATION,-0.7013441495191194,True,0.13663598657618342,1.2232718682638057,S1,211,True,1.0,1.9382095369759276,0.8720910437221171
ACO,ABC,0.0,SAFE WITH LIMITATION,0.0,True,0.0,0.0,S1,211,True,1.0,0.0,1.0
GA,ACO,0.15906795580235775,SAFE WITH LIMITATION,-1.7629191383698717,True,0.3181126766856628,2.0975251693245234,S1,307,True,1.0,3.929722131230608,0.7255243663565112
GA,ABC,0.15906795580235775,SAFE WITH LIMITATION,-1.7629191383698717,True,0.3181126766856628,2.0975251693245234,S1,307,True,1.0,3.929722131230608,0.7255243663565112
ACO,ABC,0.0,SAFE WITH LIMITATION,0.0,True,0.0,0.0,S1,307,True,1.0,0.0,1.0
GA,ACO,0.10862034015555334,SAFE WITH LIMITATION,-0.3953791903287682,True,0.21721408686813312,2.19769338545732,S1,401,True,1.0,2.6033657421788012,0.804044114614905
GA,ABC,0.10862034015555334,SAFE WITH LIMITATION,-0.3953791903287682,True,0.21721408686813312,2.19769338545732,S1,401,True,1.0,2.6033657421788012,0.804044114614905
ACO,ABC,0.0,SAFE WITH LIMITATION,0.0,True,0.0,0.0,S1,401,True,1.0,0.0,1.0
GA,ACO,0.09293741225890909,SAFE WITH LIMITATION,-3.143168019981869,True,0.18587254473277617,-0.4290247012489892,S1,503,True,1.0,2.8022218600881073,0.8299309526483793
GA,ABC,0.07634947570688431,SAFE WITH LIMITATION,-2.6102410102231812,True,0.15269693879965074,-0.1467135898857874,S1,503,True,1.0,2.5295548997056185,0.8581325537289043
ACO,ABC,0.016587802966562728,SAFE WITH LIMITATION,0.5502213926103139,True,0.033175605933125435,0.28352751443496516,S1,503,True,1.0,-0.2652345012091114,0.9673657249906856
GA,ACO,0.6242931416616608,DIAGNOSTIC ONLY,-33.71311366639259,True,1.343269433928347,-63.37573125833513,S2,101,False,0.5,-44.7488473702884,0.23130483574780658
GA,ABC,0.5142024763292061,DIAGNOSTIC ONLY,50.26711521757654,True,1.170576376536911,-48.56981440272934,S2,101,True,0.2,-65.77415789023216,0.32082732082732085
ACO,ABC,0.6012366570804166,DIAGNOSTIC ONLY,126.69207067792412,True,1.2318492349252128,40.426518710971926,S2,101,False,0.2,-38.05406678273947,0.24903460781784792
GA,ACO,0.6478581316752124,DIAGNOSTIC ONLY,-37.59300490677706,True,1.3710218087479684,-66.15277796828072,S2,211,False,0.5,-45.763736931799656,0.2136967142716346
GA,ABC,0.5587962793327087,DIAGNOSTIC ONLY,50.592470739849446,True,1.2544769119841317,-56.792668172423824,S2,211,True,0.2,-71.3084381873132,0.2830412970039692
ACO,ABC,0.6795263720808805,DIAGNOSTIC ONLY,141.30703699945164,True,1.4062469242297235,27.653997090470966,S2,211,False,0.2,-47.09893309461959,0.1908119058125075
GA,ACO,0.631040197575797,DIAGNOSTIC ONLY,-35.635192616589265,True,1.3505766347105514,-64.08418656430857,S2,307,False,0.5,-44.19961016624079,0.22621134842205928
GA,ABC,0.5217945119713293,DIAGNOSTIC ONLY,44.88691031019234,True,1.1753279198997009,-52.47465877481763,S2,307,True,0.2,-67.1983196249861,0.3142378844626036
ACO,ABC,0.648441755275061,DIAGNOSTIC ONLY,125.10268607987044,True,1.3432105972184771,32.324279137595575,S2,307,False,0.2,-41.216037248598376,0.21326701025373965
GA,ACO,0.6297386644112731,DIAGNOSTIC ONLY,-36.751944172894525,True,1.3462196869835175,-64.43228471938913,S2,401,False,0.5,-43.764729499609324,0.22719061876247504
GA,ABC,0.5199887577875743,DIAGNOSTIC ONLY,34.095761854111245,True,1.1966669929312845,-60.23947207523976,S2,401,True,0.2,-70.34915393670869,0.31579920558827557
ACO,ABC,0.6739580854657202,DIAGNOSTIC ONLY,112.01562656830852,True,1.3891307959887629,11.788254069934615,S2,401,False,0.2,-47.27357795302981,0.19477304561276992
GA,ACO,0.6125424422870208,DIAGNOSTIC ONLY,-35.11137519489273,True,1.3247097299818138,-62.77842667256473,S2,503,False,0.5,-42.637752858486174,0.24027743242742794
GA,ABC,0.5506490071614584,DIAGNOSTIC ONLY,52.93496020364365,True,1.2970823511685572,-54.14799230993328,S2,503,True,0.2,-70.01862253796546,0.28978253025879885
ACO,ABC,0.661917918439066,DIAGNOSTIC ONLY,135.68839787094146,True,1.378318555569932,23.18664578391188,S2,503,False,0.2,-47.73325844772106,0.20342886842358202
