algorithm,economic_shock,family,objective,scenario,scenario_hash,seed,water_budget_ratio
GA,0.0,WATER_THRESHOLD+ALGORITHM_SEED,water_saving,S1,924f9b141c265aec9732849622227c419177af6f7239276c5d72fe03c2215b56,101,1.0
GA,0.0,WATER_THRESHOLD,water_saving,S1,9671b1cb69f2a8b8cc295f4280e6290bf01274fa48cd715ee3d66bae1be413c2,101,1.5
GA,0.0,WATER_THRESHOLD,water_saving,S1,4ef035075c44816c3f8f80e8159b6a5ac7171abe47f463a86f45e50e767c84e5,101,2.0
GA,0.0,WATER_THRESHOLD,water_saving,S1,5856ef7d044a3ddffde63cd26c5fe80f30997e14aff9074f002775e3e532fd6c,101,2.05585908288113
GA,0.0,WATER_THRESHOLD,water_saving,S1,d176d3f0f0304a6c0bdc16f26e5a33dc30d45610096f9e26ef48c00bb67a07f5,101,2.1640621925064525
GA,0.0,WATER_THRESHOLD,water_saving,S1,e0c9d87631522c66246fbeda7e7a4a82c88242e6008a18b50cf1968049004e7e,101,2.272265302131775
GA,0.0,WATER_THRESHOLD,water_saving,S1,1082458d6c727db6f8946c2a74cbdb3f65f4f4e49baee9ca00a72651edf006f8,101,2.5
GA,0.0,WATER_THRESHOLD,water_saving,S1,8d6552e1c819a2dbe75a55dfac8e375195f3a42adf3b76f8f10d3c814fd9b376,101,3.0
GA,0.0,WATER_THRESHOLD+ALGORITHM_SEED,water_saving,S2,a09ff6ec115e16ed81d04037bfc34d409ec6cdba4ad2520d2d138e03558a8386,101,1.0
GA,0.0,WATER_THRESHOLD,water_saving,S2,cb18f3a27a440d9c4c9965765bd9774bb9c254bac0617cff6ead40ccdcb19d6c,101,1.5
GA,0.0,WATER_THRESHOLD,water_saving,S2,0a288e75149647540c080bcc71ce0f88fb8560557ff0e4f9ed5b4a31c7ed3ead,101,2.0
GA,0.0,WATER_THRESHOLD,water_saving,S2,55f52461d778b19b8e792e06a10a4827644179aa118ddc6cdbee12ec857c8465,101,2.05585908288113
GA,0.0,WATER_THRESHOLD,water_saving,S2,e5c40a71d3dc136018ab62df6b3fb34fb43434c41eb6c0cf5dca043e246fbbd8,101,2.1640621925064525
GA,0.0,WATER_THRESHOLD,water_saving,S2,051b71b4f18d894c9363e50abb0eb56a6da2a8c5fc152ea4bd69bbcbaa4c0316,101,2.272265302131775
GA,0.0,WATER_THRESHOLD,water_saving,S2,c204bb1d0a3a4f3079e4ebb9874cd2b8526d9a9b39d1237edf75c2d474d332cb,101,2.5
GA,0.0,WATER_THRESHOLD,water_saving,S2,13bbd7d85ac80587fc0d72561c371f0cb9b2d670fb6a363eb44d9c1018d15d52,101,3.0
GA,0.0,ALGORITHM_SEED,water_saving,S1,10fc1940ac2a254863395b8b6d7ce4a83754ba02528fd4dd76c98994f119d280,211,1.0
GA,0.0,ALGORITHM_SEED,water_saving,S1,c9f253762ba51035c921d32ccbe88eadbd202ba8d846692f229a00fffefd5e1f,307,1.0
GA,0.0,ALGORITHM_SEED,water_saving,S1,d2547c89caa12e5b9b00b083a4252ce5d68fb3b86c9d13757bcb5dc787641e53,401,1.0
GA,0.0,ALGORITHM_SEED,water_saving,S1,fb276d0363dff7b9854acde135d08c2c8011d9ebd4d22bcb831ccaf45e4abd6d,503,1.0
ACO,0.0,ALGORITHM_SEED,water_saving,S1,154a017902629047d7e8b789906d532f226313171c16c2e12dab18e6d2f3e3e2,101,1.0
ACO,0.0,ALGORITHM_SEED,water_saving,S1,bc5972d11f727bb30ea1bfdba8058f08d21238cbd0a7e1b8b7a802a67e049dd4,211,1.0
ACO,0.0,ALGORITHM_SEED,water_saving,S1,c21932cda550daf15197ba9ec72c6b275ec076c1bc152e74ed27a4d06bb943f5,307,1.0
ACO,0.0,ALGORITHM_SEED,water_saving,S1,d03dc96b95e6ec26e432fca665d8e0aa0c409cddb2497a92a93d59ba84b8747d,401,1.0
ACO,0.0,ALGORITHM_SEED,water_saving,S1,8890968cf4324400ca616294925489175992c053b37beef04d2018b6a0c56826,503,1.0
ABC,0.0,ALGORITHM_SEED,water_saving,S1,1f778c9774fd1f173b311d2f1d29803d24b0f6986f7399f7eea221c71b8b5f49,101,1.0
ABC,0.0,ALGORITHM_SEED,water_saving,S1,8fcdd63343bba0891c1e98bfa9a01d63a6063f1c95a31e419ee197caff8cb45d,211,1.0
ABC,0.0,ALGORITHM_SEED,water_saving,S1,34b0eef595f60b90562420fca25c6127dfc3744a15dc78286b795b408853f4cc,307,1.0
ABC,0.0,ALGORITHM_SEED,water_saving,S1,e576c5082163f5082f364b9e58aa070ff5c06be47a8ee9723e243b8c2781d3e6,401,1.0
ABC,0.0,ALGORITHM_SEED,water_saving,S1,13d0a7c5b8542edf1e710e2ba0a6b497d541521f54f15a46be7ad3e190fd04f6,503,1.0
GA,0.0,ALGORITHM_SEED,water_saving,S2,9d560fd43ee6d83461ab27ae94416edad3cf87102610251c75f00eebf8d9e5a8,211,1.0
GA,0.0,ALGORITHM_SEED,water_saving,S2,0fd3aa8589142c848b8aed50d2204abb636e5b6c2a4b55cf715a846bb18d023e,307,1.0
GA,0.0,ALGORITHM_SEED,water_saving,S2,86c05ca8e96d244e2cb6d5552f10cd6e8baac23a493d6e93a39367d0c964b835,401,1.0
GA,0.0,ALGORITHM_SEED,water_saving,S2,87c73479a64c2d76416536a05b81a5242954dd9083f5f66982183422aa7a0aec,503,1.0
ACO,0.0,ALGORITHM_SEED,water_saving,S2,7e178dc4724e96f9ea47f481522bd8695812f7929000b4f9fe4e395375adfc5c,101,1.0
ACO,0.0,ALGORITHM_SEED,water_saving,S2,bf5073826de89c1d44999e89f1407b0694215a6e4be2361158b4226fd320f19a,211,1.0
ACO,0.0,ALGORITHM_SEED,water_saving,S2,080f46f5b4d205b80b70e5169b8ff17ca4435990f34d44264425dde8ade92eb8,307,1.0
ACO,0.0,ALGORITHM_SEED,water_saving,S2,1a632c4ac110fb37a7ac8669b86823d107ffee7440b59d59f901b497fbb657ff,401,1.0
ACO,0.0,ALGORITHM_SEED,water_saving,S2,758905d0c0ebab15e60df242febe2289a8f91caf418731c40784cebb810fd43a,503,1.0
ABC,0.0,ALGORITHM_SEED,water_saving,S2,92423593e371dce27b02d34261123c0797955bcdce93fc3bffb44155c107b34a,101,1.0
ABC,0.0,ALGORITHM_SEED,water_saving,S2,6442e44cc36f8cdc57b07d4f34a03d8587ae49b25bd54e9cc8591e43dd074230,211,1.0
ABC,0.0,ALGORITHM_SEED,water_saving,S2,9693ea56aca6f382285751ea0a87bffa5827be5b7236c064b2a55ff968a0ab96,307,1.0
ABC,0.0,ALGORITHM_SEED,water_saving,S2,67872a2b69d53c4ed0973e5edb713ee4d2c3b0854577d68e025f1279343f9eb2,401,1.0
ABC,0.0,ALGORITHM_SEED,water_saving,S2,600161d82ac7c8f84ff6bca3516fb46744dd94081298fde6c7d69fea7237aba1,503,1.0
GA,-0.2,ECONOMIC,max_profit,S1,f68b9da414da041bf071fdd367e24061a05ac7492e0cada8722e4fb7cee24b61,101,1.0
GA,-0.1,ECONOMIC,max_profit,S1,2efe9637d069672db7108e93b30431129c2d49408d49669e1e5a1ef81925ac69,101,1.0
GA,0.0,ECONOMIC,max_profit,S1,3d6ad94cd7b901497b6582adb5ac4007de3a6d8abac464bd1faea16d5655c589,101,1.0
GA,0.1,ECONOMIC,max_profit,S1,ce69a9f4d1069a54c6e4c786f453110604947d90c32318c7f7e58181a84df921,101,1.0
GA,0.2,ECONOMIC,max_profit,S1,707182b225a67170d4b3d45cfc4863eb4077c80c629ecfdbbf652f01d8e55381,101,1.0
GA,-0.2,ECONOMIC,max_profit,S2,c5c4e65b641ab3436f901fd2a7b55311d796f7f619e5907e61880531fc641783,101,1.0
GA,-0.1,ECONOMIC,max_profit,S2,dbec41af786b5c51a56fce710079daa83156b7b94172c590ac6118e3f2c0af9f,101,1.0
GA,0.0,ECONOMIC,max_profit,S2,544cc608775c98dd73cd3431a3f18391487bb9d8d07b456a20d311ecd2b9e351,101,1.0
GA,0.1,ECONOMIC,max_profit,S2,c1d0d882ca14774b8bd92ee4b176fa7eda7a219ba85796e1af536e555309c46f,101,1.0
GA,0.2,ECONOMIC,max_profit,S2,26e992531425c9fc86c67a98e9ca17e9fe6765efd79644db223139dfc06d6cb7,101,1.0
