parcel_id,village,parcel_type,main_crop_current,secondary_crop_current,area_da,irrigation_current,water_m3_current,profit_tl_current,orchard_lock,equal_village_share_m3,equal_parcel_quota_m3,farmer_id,farmer_name,selected_alternative_id,selected_alternative_label,selected_pattern,assignment_status,assignment_note,geometry_status,geometry_source,has_real_geojson,drawing_required,owner_username,assigned_farmer_username,assigned_farmer_name
P1,Sazlıca,field,BUĞDAY (Dane),,2700.0,Yagmurlama,1654641.0,7254999.9,0,20140016.162,428510.98217,C001,Ahmet Demir,current,Mevcut desen / Excel referansı,BUĞDAY (Dane),geometry_ready,Parsel bilgileri Excel kaynağından girildi; kullanıcı yalnızca sınır çizimini/polygonu tamamlayacak.,Yüklü gerçek GeoJSON,uploaded_real_geojson,True,False,,,
P2,Sazlıca,field,ARPA (Dane),,1000.0,Yagmurlama,515350.0,2600000.0,0,20140016.162,428510.98217,C002,Mehmet Yıldız,current,Mevcut desen / Excel referansı,ARPA (Dane),geometry_ready,Parsel bilgileri Excel kaynağından girildi; kullanıcı yalnızca sınır çizimini/polygonu tamamlayacak.,Yüklü gerçek GeoJSON,uploaded_real_geojson,True,False,,,
P3,Sazlıca,field,ÇAVDAR (Dane),,40.0,Yagmurlama,20557.6,100000.0,0,20140016.162,428510.98217,C003,Mustafa Kurt,current,Mevcut desen / Excel referansı,ÇAVDAR (Dane),geometry_ready,Parsel bilgileri Excel kaynağından girildi; kullanıcı yalnızca sınır çizimini/polygonu tamamlayacak.,Yüklü gerçek GeoJSON,uploaded_real_geojson,True,False,,,
P4,Sazlıca,field,TRTİKALE (Dane),,70.0,Yagmurlama,37950.5,189000.0,0,20140016.162,428510.98217,C004,Ali Avcı,current,Mevcut desen / Excel referansı,TRTİKALE (Dane),geometry_ready,Parsel bilgileri Excel kaynağından girildi; kullanıcı yalnızca sınır çizimini/polygonu tamamlayacak.,Yüklü gerçek GeoJSON,uploaded_real_geojson,True,False,,,
P5,Sazlıca,field,YULAF (Dane),,50.0,Yagmurlama,24641.5,125000.0,0,20140016.162,428510.98217,C005,Hasan Eren,current,Mevcut desen / Excel referansı,YULAF (Dane),geometry_ready,Parsel bilgileri Excel kaynağından girildi; kullanıcı yalnızca sınır çizimini/polygonu tamamlayacak.,Yüklü gerçek GeoJSON,uploaded_real_geojson,True,False,,,
P6,Sazlıca,field,KURU FASULYE,,80.0,Yagmurlama,66760.8,440000.0,0,20140016.162,428510.98217,C006,Hüseyin Duran,current,Mevcut desen / Excel referansı,KURU FASULYE,geometry_ready,Parsel bilgileri Excel kaynağından girildi; kullanıcı yalnızca sınır çizimini/polygonu tamamlayacak.,Yüklü gerçek GeoJSON,uploaded_real_geojson,True,False,,,
P7,Sazlıca,field,NOHUT,,80.0,Yagmurlama,53188.8,256000.0,0,20140016.162,428510.98217,C007,İbrahim Turan,current,Mevcut desen / Excel referansı,NOHUT,geometry_ready,Parsel bilgileri Excel kaynağından girildi; kullanıcı yalnızca sınır çizimini/polygonu tamamlayacak.,Yüklü gerçek GeoJSON,uploaded_real_geojson,True,False,,,
P8,Sazlıca,field,AYÇİÇEĞİ,,20.0,Yagmurlama,19418.2,84000.0,0,20140016.162,428510.98217,C008,Murat Sarı,current,Mevcut desen / Excel referansı,AYÇİÇEĞİ,geometry_ready,Parsel bilgileri Excel kaynağından girildi; kullanıcı yalnızca sınır çizimini/polygonu tamamlayacak.,Yüklü gerçek GeoJSON,uploaded_real_geojson,True,False,,,
P9,Sazlıca,field,PATATES,,475.0,Yagmurlama,422522.0,1102483.075,0,20140016.162,428510.98217,C009,Osman Doğan,current,Mevcut desen / Excel referansı,PATATES,geometry_ready,Parsel bilgileri Excel kaynağından girildi; kullanıcı yalnızca sınır çizimini/polygonu tamamlayacak.,Yüklü gerçek GeoJSON,uploaded_real_geojson,True,False,,,
P10,Sazlıca,field,BUĞDAY (YEŞİLOT),,20.0,Yagmurlama,9152.2,70000.0,0,20140016.162,428510.98217,C010,Yusuf Polat,current,Mevcut desen / Excel referansı,BUĞDAY (YEŞİLOT),geometry_ready,Parsel bilgileri Excel kaynağından girildi; kullanıcı yalnızca sınır çizimini/polygonu tamamlayacak.,Yüklü gerçek GeoJSON,uploaded_real_geojson,True,False,,,
P11,Sazlıca,field,ARPA (YEŞİLOT),,20.0,Yagmurlama,8857.4,84000.0,0,20140016.162,428510.98217,C011,Fatma Bozkurt,current,Mevcut desen / Excel referansı,ARPA (YEŞİLOT),geometry_ready,Parsel bilgileri Excel kaynağından girildi; kullanıcı yalnızca sınır çizimini/polygonu tamamlayacak.,Yüklü gerçek GeoJSON,uploaded_real_geojson,True,False,,,
P12,Sazlıca,field,ÇAVDAR (YEŞİLOT),,350.0,Yagmurlama,170499.0,1365000.0,0,20140016.162,428510.98217,C012,Ayşe Uçar,current,Mevcut desen / Excel referansı,ÇAVDAR (YEŞİLOT),geometry_ready,Parsel bilgileri Excel kaynağından girildi; kullanıcı yalnızca sınır çizimini/polygonu tamamlayacak.,Yüklü gerçek GeoJSON,uploaded_real_geojson,True,False,,,
P13,Sazlıca,field,TRİTİKALE (YEŞİLOT),,70.0,Yagmurlama,33063.8,245000.0,0,20140016.162,428510.98217,C013,Emine Aydoğan,current,Mevcut desen / Excel referansı,TRİTİKALE (YEŞİLOT),geometry_ready,Parsel bilgileri Excel kaynağından girildi; kullanıcı yalnızca sınır çizimini/polygonu tamamlayacak.,Yüklü gerçek GeoJSON,uploaded_real_geojson,True,False,,,
P14,Sazlıca,field,YULAF (YEŞİLOT),,10.0,Yagmurlama,4576.1,38000.0,0,20140016.162,428510.98217,C014,Hatice Şimşek,current,Mevcut desen / Excel referansı,YULAF (YEŞİLOT),geometry_ready,Parsel bilgileri Excel kaynağından girildi; kullanıcı yalnızca sınır çizimini/polygonu tamamlayacak.,Yüklü gerçek GeoJSON,uploaded_real_geojson,True,False,,,
P15,Sazlıca,field,FİĞ (YEŞİLOT),,70.0,Yagmurlama,42515.9,315000.0,0,20140016.162,428510.98217,C015,Zeynep Ergin,current,Mevcut desen / Excel referansı,FİĞ (YEŞİLOT),geometry_ready,Parsel bilgileri Excel kaynağından girildi; kullanıcı yalnızca sınır çizimini/polygonu tamamlayacak.,Yüklü gerçek GeoJSON,uploaded_real_geojson,True,False,,,
P16,Sazlıca,field,YONCA (YEŞİLOT),,1650.0,Yagmurlama,1839304.5,10725000.0,0,20140016.162,428510.98217,C016,Elif Arslan,current,Mevcut desen / Excel referansı,YONCA (YEŞİLOT),geometry_ready,Parsel bilgileri Excel kaynağından girildi; kullanıcı yalnızca sınır çizimini/polygonu tamamlayacak.,Yüklü gerçek GeoJSON,uploaded_real_geojson,True,False,,,
P17,Sazlıca,field,SİLAJLIK MISIR,,650.0,Yagmurlama,543452.0,4030000.0,0,20140016.162,428510.98217,C017,Meryem Aslan,current,Mevcut desen / Excel referansı,SİLAJLIK MISIR,geometry_ready,Parsel bilgileri Excel kaynağından girildi; kullanıcı yalnızca sınır çizimini/polygonu tamamlayacak.,Yüklü gerçek GeoJSON,uploaded_real_geojson,True,False,,,
P18,Sazlıca,field,SORGUM,,20.0,Yagmurlama,16093.0,76000.0,0,20140016.162,428510.98217,C018,Hacer Bulut,current,Mevcut desen / Excel referansı,SORGUM,geometry_ready,Parsel bilgileri Excel kaynağından girildi; kullanıcı yalnızca sınır çizimini/polygonu tamamlayacak.,Yüklü gerçek GeoJSON,uploaded_real_geojson,True,False,,,
P19,Sazlıca,vegetable,BARBUNYA FASULYE (TAZE),,2.0,Damla,1160.8,3600.0,0,20140016.162,428510.98217,C019,Sultan Özer,current,Mevcut desen / Excel referansı,BARBUNYA FASULYE (TAZE),geometry_ready,Parsel bilgileri Excel kaynağından girildi; kullanıcı yalnızca sınır çizimini/polygonu tamamlayacak.,Yüklü gerçek GeoJSON,uploaded_real_geojson,True,False,,,
P20,Sazlıca,vegetable,SİVRİ BİBER,,17.0,Damla,11868.21,119000.0,0,20140016.162,428510.98217,C020,Kezban Kara,current,Mevcut desen / Excel referansı,SİVRİ BİBER,geometry_ready,Parsel bilgileri Excel kaynağından girildi; kullanıcı yalnızca sınır çizimini/polygonu tamamlayacak.,Yüklü gerçek GeoJSON,uploaded_real_geojson,True,False,,,
P21,Sazlıca,vegetable,SALÇALIK BİBER,,60.0,Damla,41887.8,549354.06,0,20140016.162,428510.98217,C021,Ramazan Bilgin,current,Mevcut desen / Excel referansı,SALÇALIK BİBER,geometry_ready,Parsel bilgileri Excel kaynağından girildi; kullanıcı yalnızca sınır çizimini/polygonu tamamlayacak.,Yüklü gerçek GeoJSON,uploaded_real_geojson,True,False,,,
P22,Sazlıca,vegetable,SOFRALIK DOMATES,,1248.0,Damla,983748.48,10832263.104,0,20140016.162,428510.98217,C022,Recep Köse,current,Mevcut desen / Excel referansı,SOFRALIK DOMATES,geometry_ready,Parsel bilgileri Excel kaynağından girildi; kullanıcı yalnızca sınır çizimini/polygonu tamamlayacak.,Yüklü gerçek GeoJSON,uploaded_real_geojson,True,False,,,
P23,Sazlıca,vegetable,SALÇALIK DOMATES,,3754.0,Damla,2959128.04,60032913.126,0,20140016.162,428510.98217,C-BETUL,Betül Demir,current,Mevcut desen / Excel referansı,SALÇALIK DOMATES,geometry_ready,Parsel bilgileri Excel kaynağından girildi; kullanıcı yalnızca sınır çizimini/polygonu tamamlayacak.,Yüklü gerçek GeoJSON,uploaded_real_geojson,True,False,betul.demir,betul.demir,Betül Demir
P24,Sazlıca,vegetable,FASULYE (TAZE),,11.0,Damla,6384.4,6331.985,0,20140016.162,428510.98217,C024,Ömer Koç,current,Mevcut desen / Excel referansı,FASULYE (TAZE),geometry_ready,Parsel bilgileri Excel kaynağından girildi; kullanıcı yalnızca sınır çizimini/polygonu tamamlayacak.,Yüklü gerçek GeoJSON,uploaded_real_geojson,True,False,,,
P25,Sazlıca,vegetable,HIYAR (SOFRALIK),,2.0,Damla,1252.38,10400.0,0,20140016.162,428510.98217,C025,Kemal Güneş,current,Mevcut desen / Excel referansı,HIYAR (SOFRALIK),geometry_ready,Parsel bilgileri Excel kaynağından girildi; kullanıcı yalnızca sınır çizimini/polygonu tamamlayacak.,Yüklü gerçek GeoJSON,uploaded_real_geojson,True,False,,,
P26,Sazlıca,vegetable,KABAK (SAKIZ),,11.0,Damla,7089.17,71500.0,0,20140016.162,428510.98217,C026,Halil Karaca,current,Mevcut desen / Excel referansı,KABAK (SAKIZ),geometry_ready,Parsel bilgileri Excel kaynağından girildi; kullanıcı yalnızca sınır çizimini/polygonu tamamlayacak.,Yüklü gerçek GeoJSON,uploaded_real_geojson,True,False,,,
P27,Sazlıca,vegetable,KABAK (BAL),,1.0,Damla,657.58,7000.0,0,20140016.162,428510.98217,C027,Emin Çetin,current,Mevcut desen / Excel referansı,KABAK (BAL),geometry_ready,Parsel bilgileri Excel kaynağından girildi; kullanıcı yalnızca sınır çizimini/polygonu tamamlayacak.,Yüklü gerçek GeoJSON,uploaded_real_geojson,True,False,,,
P28,Sazlıca,vegetable,KABAK (ÇEREZLİK),,9.0,Damla,5095.26,40500.0,0,20140016.162,428510.98217,C028,Şaban Acar,current,Mevcut desen / Excel referansı,KABAK (ÇEREZLİK),geometry_ready,Parsel bilgileri Excel kaynağından girildi; kullanıcı yalnızca sınır çizimini/polygonu tamamlayacak.,Yüklü gerçek GeoJSON,uploaded_real_geojson,True,False,,,
P29,Sazlıca,vegetable,KARPUZ,,106.0,Damla,68177.08,477000.0,0,20140016.162,428510.98217,C029,Adem Uzun,current,Mevcut desen / Excel referansı,KARPUZ,geometry_ready,Parsel bilgileri Excel kaynağından girildi; kullanıcı yalnızca sınır çizimini/polygonu tamamlayacak.,Yüklü gerçek GeoJSON,uploaded_real_geojson,True,False,,,
P30,Sazlıca,vegetable,KAVUN,,90.0,Damla,59183.1,423000.0,0,20140016.162,428510.98217,C030,Yakup Şahin,current,Mevcut desen / Excel referansı,KAVUN,geometry_ready,Parsel bilgileri Excel kaynağından girildi; kullanıcı yalnızca sınır çizimini/polygonu tamamlayacak.,Yüklü gerçek GeoJSON,uploaded_real_geojson,True,False,,,
P31,Sazlıca,vegetable,LAHANA (BEYAZ),,7300.0,Yagmurlama,3025777.0,36301060.4,0,20140016.162,428510.98217,C031,Veli Korkmaz,current,Mevcut desen / Excel referansı,LAHANA (BEYAZ),geometry_ready,Parsel bilgileri Excel kaynağından girildi; kullanıcı yalnızca sınır çizimini/polygonu tamamlayacak.,Yüklü gerçek GeoJSON,uploaded_real_geojson,True,False,,,
P32,Sazlıca,vegetable,LAHANA (KIRMIZI),,700.0,Yagmurlama,290143.0,3640000.0,0,20140016.162,428510.98217,C032,İsmail Yalçın,current,Mevcut desen / Excel referansı,LAHANA (KIRMIZI),geometry_ready,Parsel bilgileri Excel kaynağından girildi; kullanıcı yalnızca sınır çizimini/polygonu tamamlayacak.,Yüklü gerçek GeoJSON,uploaded_real_geojson,True,False,,,
P33,Sazlıca,vegetable,SOĞAN (KURU),,67.0,Yagmurlama,67268.67,856245.662,0,20140016.162,428510.98217,C033,Serkan Kaplan,current,Mevcut desen / Excel referansı,SOĞAN (KURU),geometry_ready,Parsel bilgileri Excel kaynağından girildi; kullanıcı yalnızca sınır çizimini/polygonu tamamlayacak.,Yüklü gerçek GeoJSON,uploaded_real_geojson,True,False,,,
P34,Sazlıca,vegetable,SARIMSAK (KURU),,1.0,Yagmurlama,914.56,10046.808,0,20140016.162,428510.98217,C034,Selim Bayram,current,Mevcut desen / Excel referansı,SARIMSAK (KURU),geometry_ready,Parsel bilgileri Excel kaynağından girildi; kullanıcı yalnızca sınır çizimini/polygonu tamamlayacak.,Yüklü gerçek GeoJSON,uploaded_real_geojson,True,False,,,
P35,Sazlıca,vegetable,SOĞAN (TAZE),,1.0,Yagmurlama,616.2,7000.0,0,20140016.162,428510.98217,C035,Mahmut Sezer,current,Mevcut desen / Excel referansı,SOĞAN (TAZE),geometry_ready,Parsel bilgileri Excel kaynağından girildi; kullanıcı yalnızca sınır çizimini/polygonu tamamlayacak.,Yüklü gerçek GeoJSON,uploaded_real_geojson,True,False,,,
P36,Sazlıca,orchard,BAĞ,,63.0,Damla,40478.76,504000.0,1,20140016.162,428510.98217,C036,Ferhat Çakır,current,Mevcut desen / Excel referansı,BAĞ,geometry_ready,Parsel bilgileri Excel kaynağından girildi; kullanıcı yalnızca sınır çizimini/polygonu tamamlayacak.,Yüklü gerçek GeoJSON,uploaded_real_geojson,True,False,,,
P37,Sazlıca,orchard,ARMUT,,86.0,Damla,72922.84,860000.0,1,20140016.162,428510.98217,C037,Erdal Yılmaz,current,Mevcut desen / Excel referansı,ARMUT,geometry_ready,Parsel bilgileri Excel kaynağından girildi; kullanıcı yalnızca sınır çizimini/polygonu tamamlayacak.,Yüklü gerçek GeoJSON,uploaded_real_geojson,True,False,,,
P38,Sazlıca,orchard,ELMA,,3826.0,Damla,3110423.22,42086000.0,1,20140016.162,428510.98217,C038,Cemal Öztürk,current,Mevcut desen / Excel referansı,ELMA,geometry_ready,Parsel bilgileri Excel kaynağından girildi; kullanıcı yalnızca sınır çizimini/polygonu tamamlayacak.,Yüklü gerçek GeoJSON,uploaded_real_geojson,True,False,,,
P39,Sazlıca,orchard,ERİK,,126.0,Damla,98656.74,1134000.0,1,20140016.162,428510.98217,C039,Metin Aktaş,current,Mevcut desen / Excel referansı,ERİK,geometry_ready,Parsel bilgileri Excel kaynağından girildi; kullanıcı yalnızca sınır çizimini/polygonu tamamlayacak.,Yüklü gerçek GeoJSON,uploaded_real_geojson,True,False,,,
P40,Sazlıca,orchard,KAYSI,,456.0,Damla,365050.8,4332000.0,1,20140016.162,428510.98217,C040,Orhan Erdem,current,Mevcut desen / Excel referansı,KAYSI,geometry_ready,Parsel bilgileri Excel kaynağından girildi; kullanıcı yalnızca sınır çizimini/polygonu tamamlayacak.,Yüklü gerçek GeoJSON,uploaded_real_geojson,True,False,,,
P41,Sazlıca,orchard,KİRAZ,,129.0,Damla,104560.95,1483500.0,1,20140016.162,428510.98217,C041,Nuri Tekin,current,Mevcut desen / Excel referansı,KİRAZ,geometry_ready,Parsel bilgileri Excel kaynağından girildi; kullanıcı yalnızca sınır çizimini/polygonu tamamlayacak.,Yüklü gerçek GeoJSON,uploaded_real_geojson,True,False,,,
P42,Sazlıca,orchard,NEKTAR,,2525.0,Damla,2141048.5,25250000.0,1,20140016.162,428510.98217,C042,Sevgi Keskin,current,Mevcut desen / Excel referansı,NEKTAR,geometry_ready,Parsel bilgileri Excel kaynağından girildi; kullanıcı yalnızca sınır çizimini/polygonu tamamlayacak.,Yüklü gerçek GeoJSON,uploaded_real_geojson,True,False,,,
P43,Sazlıca,orchard,ŞEFTALİ,,596.0,Damla,505372.24,5840800.0,1,20140016.162,428510.98217,C043,Nermin Işık,current,Mevcut desen / Excel referansı,ŞEFTALİ,geometry_ready,Parsel bilgileri Excel kaynağından girildi; kullanıcı yalnızca sınır çizimini/polygonu tamamlayacak.,Yüklü gerçek GeoJSON,uploaded_real_geojson,True,False,,,
P44,Sazlıca,orchard,VİŞNE,,2.0,Damla,1621.1,19000.0,1,20140016.162,428510.98217,C044,Gül Kaya,current,Mevcut desen / Excel referansı,VİŞNE,geometry_ready,Parsel bilgileri Excel kaynağından girildi; kullanıcı yalnızca sınır çizimini/polygonu tamamlayacak.,Yüklü gerçek GeoJSON,uploaded_real_geojson,True,False,,,
P45,Sazlıca,orchard,BADEM,,71.0,Damla,46737.17,639000.0,1,20140016.162,428510.98217,C045,Derya Aydın,current,Mevcut desen / Excel referansı,BADEM,geometry_ready,Parsel bilgileri Excel kaynağından girildi; kullanıcı yalnızca sınır çizimini/polygonu tamamlayacak.,Yüklü gerçek GeoJSON,uploaded_real_geojson,True,False,,,
P46,Sazlıca,orchard,CEVİZ,,251.0,Damla,204055.47,2510000.0,1,20140016.162,428510.98217,C046,Büşra Özdemir,current,Mevcut desen / Excel referansı,CEVİZ,geometry_ready,Parsel bilgileri Excel kaynağından girildi; kullanıcı yalnızca sınır çizimini/polygonu tamamlayacak.,Yüklü gerçek GeoJSON,uploaded_real_geojson,True,False,,,
P47,Sazlıca,orchard,ÇİLEK,,12.0,Damla,7890.96,180000.0,1,20140016.162,428510.98217,C047,Esra Taş,current,Mevcut desen / Excel referansı,ÇİLEK,geometry_ready,Parsel bilgileri Excel kaynağından girildi; kullanıcı yalnızca sınır çizimini/polygonu tamamlayacak.,Yüklü gerçek GeoJSON,uploaded_real_geojson,True,False,,,
P48,Bahçeli,field,BUĞDAY (Dane),,2190.0,Yagmurlama,1342097.7,5884611.03,0,20140016.162,649677.94071,C048,Seda Kılıç,current,Mevcut desen / Excel referansı,BUĞDAY (Dane),geometry_ready,Bahçeli parsel çizimi panele bağlandı; GeoJSON dosyası kalıcı veri klasörüne işlendi.,Yüklü gerçek GeoJSON,uploaded_real_geojson,True,False,,,
P49,Bahçeli,field,ARPA (Dane),,3380.0,Yagmurlama,1741883.0,8788000.0,0,20140016.162,649677.94071,C049,Rabia Güler,current,Mevcut desen / Excel referansı,ARPA (Dane),geometry_ready,Bahçeli parsel çizimi panele bağlandı; GeoJSON dosyası kalıcı veri klasörüne işlendi.,Yüklü gerçek GeoJSON,uploaded_real_geojson,True,False,,,
P50,Bahçeli,field,ÇAVDAR (Dane),,170.0,Yagmurlama,87369.8,425000.0,0,20140016.162,649677.94071,C050,Neslihan Özkan,current,Mevcut desen / Excel referansı,ÇAVDAR (Dane),geometry_ready,Bahçeli parsel çizimi panele bağlandı; GeoJSON dosyası kalıcı veri klasörüne işlendi.,Yüklü gerçek GeoJSON,uploaded_real_geojson,True,False,,,
P51,Bahçeli,field,KURU FASULYE,,50.0,Yagmurlama,41725.5,275000.0,0,20140016.162,649677.94071,C051,Ahmet Kaya,current,Mevcut desen / Excel referansı,KURU FASULYE,geometry_ready,Bahçeli parsel çizimi panele bağlandı; GeoJSON dosyası kalıcı veri klasörüne işlendi.,Yüklü gerçek GeoJSON,uploaded_real_geojson,True,False,,,
P52,Bahçeli,field,NOHUT,,360.0,Yagmurlama,239349.6,1152000.0,0,20140016.162,649677.94071,C052,Mehmet Aydın,current,Mevcut desen / Excel referansı,NOHUT,geometry_ready,Bahçeli parsel çizimi panele bağlandı; GeoJSON dosyası kalıcı veri klasörüne işlendi.,Yüklü gerçek GeoJSON,uploaded_real_geojson,True,False,,,
P53,Bahçeli,field,PATATES,,140.0,Yagmurlama,124532.8,324942.38,0,20140016.162,649677.94071,C053,Mustafa Özdemir,current,Mevcut desen / Excel referansı,PATATES,geometry_ready,Bahçeli parsel çizimi panele bağlandı; GeoJSON dosyası kalıcı veri klasörüne işlendi.,Yüklü gerçek GeoJSON,uploaded_real_geojson,True,False,,,
P54,Bahçeli,field,YULAF (YEŞİLOT),,100.0,Yagmurlama,45761.0,380000.0,0,20140016.162,649677.94071,C054,Ali Taş,current,Mevcut desen / Excel referansı,YULAF (YEŞİLOT),geometry_ready,Bahçeli parsel çizimi panele bağlandı; GeoJSON dosyası kalıcı veri klasörüne işlendi.,Yüklü gerçek GeoJSON,uploaded_real_geojson,True,False,,,
P55,Bahçeli,field,FİĞ (YEŞİLOT),,20.0,Yagmurlama,12147.4,90000.0,0,20140016.162,649677.94071,C055,Hasan Kılıç,current,Mevcut desen / Excel referansı,FİĞ (YEŞİLOT),geometry_ready,Bahçeli parsel çizimi panele bağlandı; GeoJSON dosyası kalıcı veri klasörüne işlendi.,Yüklü gerçek GeoJSON,uploaded_real_geojson,True,False,,,
P56,Bahçeli,field,YONCA (YEŞİLOT),,510.0,Yagmurlama,568512.3,3315000.0,0,20140016.162,649677.94071,C056,Hüseyin Güler,current,Mevcut desen / Excel referansı,YONCA (YEŞİLOT),geometry_ready,Bahçeli parsel çizimi panele bağlandı; GeoJSON dosyası kalıcı veri klasörüne işlendi.,Yüklü gerçek GeoJSON,uploaded_real_geojson,True,False,,,
P57,Bahçeli,field,SİLAJLIK MISIR,,125.0,Yagmurlama,104510.0,775000.0,0,20140016.162,649677.94071,C057,İbrahim Özkan,current,Mevcut desen / Excel referansı,SİLAJLIK MISIR,geometry_ready,Bahçeli parsel çizimi panele bağlandı; GeoJSON dosyası kalıcı veri klasörüne işlendi.,Yüklü gerçek GeoJSON,uploaded_real_geojson,True,False,,,
P58,Bahçeli,vegetable,SİVRİ BİBER,,2.0,Damla,1396.26,14000.0,0,20140016.162,649677.94071,C058,Murat Demir,current,Mevcut desen / Excel referansı,SİVRİ BİBER,geometry_ready,Bahçeli parsel çizimi panele bağlandı; GeoJSON dosyası kalıcı veri klasörüne işlendi.,Yüklü gerçek GeoJSON,uploaded_real_geojson,True,False,,,
P59,Bahçeli,vegetable,SALÇALIK BİBER,,40.0,Damla,27925.2,366236.04,0,20140016.162,649677.94071,C059,Osman Yıldız,current,Mevcut desen / Excel referansı,SALÇALIK BİBER,geometry_ready,Bahçeli parsel çizimi panele bağlandı; GeoJSON dosyası kalıcı veri klasörüne işlendi.,Yüklü gerçek GeoJSON,uploaded_real_geojson,True,False,,,
P60,Bahçeli,vegetable,SOFRALIK DOMATES,,30.0,Damla,23647.8,260390.94,0,20140016.162,649677.94071,C060,Yusuf Kurt,current,Mevcut desen / Excel referansı,SOFRALIK DOMATES,geometry_ready,Bahçeli parsel çizimi panele bağlandı; GeoJSON dosyası kalıcı veri klasörüne işlendi.,Yüklü gerçek GeoJSON,uploaded_real_geojson,True,False,,,
P61,Bahçeli,vegetable,SALÇALIK DOMATES,,870.0,Damla,685786.2,13912795.53,0,20140016.162,649677.94071,C061,Fatma Avcı,current,Mevcut desen / Excel referansı,SALÇALIK DOMATES,geometry_ready,Bahçeli parsel çizimi panele bağlandı; GeoJSON dosyası kalıcı veri klasörüne işlendi.,Yüklü gerçek GeoJSON,uploaded_real_geojson,True,False,,,
P62,Bahçeli,vegetable,FASULYE (TAZE),,10.0,Damla,5804.0,5756.35,0,20140016.162,649677.94071,C062,Ayşe Eren,current,Mevcut desen / Excel referansı,FASULYE (TAZE),geometry_ready,Bahçeli parsel çizimi panele bağlandı; GeoJSON dosyası kalıcı veri klasörüne işlendi.,Yüklü gerçek GeoJSON,uploaded_real_geojson,True,False,,,
P63,Bahçeli,vegetable,HIYAR (SOFRALIK),,16.0,Damla,10019.04,83200.0,0,20140016.162,649677.94071,C063,Emine Duran,current,Mevcut desen / Excel referansı,HIYAR (SOFRALIK),geometry_ready,Bahçeli parsel çizimi panele bağlandı; GeoJSON dosyası kalıcı veri klasörüne işlendi.,Yüklü gerçek GeoJSON,uploaded_real_geojson,True,False,,,
P64,Bahçeli,vegetable,KARPUZ,,10.0,Damla,6431.8,45000.0,0,20140016.162,649677.94071,C064,Hatice Turan,current,Mevcut desen / Excel referansı,KARPUZ,geometry_ready,Bahçeli parsel çizimi panele bağlandı; GeoJSON dosyası kalıcı veri klasörüne işlendi.,Yüklü gerçek GeoJSON,uploaded_real_geojson,True,False,,,
P65,Bahçeli,vegetable,KAVUN,,120.0,Damla,78910.8,564000.0,0,20140016.162,649677.94071,C065,Zeynep Sarı,current,Mevcut desen / Excel referansı,KAVUN,geometry_ready,Bahçeli parsel çizimi panele bağlandı; GeoJSON dosyası kalıcı veri klasörüne işlendi.,Yüklü gerçek GeoJSON,uploaded_real_geojson,True,False,,,
P66,Bahçeli,vegetable,LAHANA (BEYAZ),,457.0,Yagmurlama,189421.93,2272545.836,0,20140016.162,649677.94071,C066,Elif Doğan,current,Mevcut desen / Excel referansı,LAHANA (BEYAZ),geometry_ready,Bahçeli parsel çizimi panele bağlandı; GeoJSON dosyası kalıcı veri klasörüne işlendi.,Yüklü gerçek GeoJSON,uploaded_real_geojson,True,False,,,
P67,Bahçeli,vegetable,SOĞAN (KURU),,10.0,Yagmurlama,10040.1,127797.86,0,20140016.162,649677.94071,C067,Meryem Polat,current,Mevcut desen / Excel referansı,SOĞAN (KURU),geometry_ready,Bahçeli parsel çizimi panele bağlandı; GeoJSON dosyası kalıcı veri klasörüne işlendi.,Yüklü gerçek GeoJSON,uploaded_real_geojson,True,False,,,
P68,Bahçeli,orchard,BAĞ,,1500.0,Damla,963780.0,12000000.0,1,20140016.162,649677.94071,C068,Hacer Bozkurt,current,Mevcut desen / Excel referansı,BAĞ,geometry_ready,Bahçeli parsel çizimi panele bağlandı; GeoJSON dosyası kalıcı veri klasörüne işlendi.,Yüklü gerçek GeoJSON,uploaded_real_geojson,True,False,,,
P69,Bahçeli,orchard,ARMUT,,222.0,Damla,188242.68,2220000.0,1,20140016.162,649677.94071,C069,Sultan Uçar,current,Mevcut desen / Excel referansı,ARMUT,geometry_ready,Bahçeli parsel çizimi panele bağlandı; GeoJSON dosyası kalıcı veri klasörüne işlendi.,Yüklü gerçek GeoJSON,uploaded_real_geojson,True,False,,,
P70,Bahçeli,orchard,AYVA,,53.0,Damla,44940.82,503500.0,1,20140016.162,649677.94071,C070,Kezban Aydoğan,current,Mevcut desen / Excel referansı,AYVA,geometry_ready,Bahçeli parsel çizimi panele bağlandı; GeoJSON dosyası kalıcı veri klasörüne işlendi.,Yüklü gerçek GeoJSON,uploaded_real_geojson,True,False,,,
P71,Bahçeli,orchard,ELMA,,8438.0,Damla,6859840.86,92818000.0,1,20140016.162,649677.94071,C071,Ramazan Şimşek,current,Mevcut desen / Excel referansı,ELMA,geometry_ready,Bahçeli parsel çizimi panele bağlandı; GeoJSON dosyası kalıcı veri klasörüne işlendi.,Yüklü gerçek GeoJSON,uploaded_real_geojson,True,False,,,
P72,Bahçeli,orchard,ERİK,,41.0,Damla,32102.59,369000.0,1,20140016.162,649677.94071,C072,Recep Ergin,current,Mevcut desen / Excel referansı,ERİK,geometry_ready,Bahçeli parsel çizimi panele bağlandı; GeoJSON dosyası kalıcı veri klasörüne işlendi.,Yüklü gerçek GeoJSON,uploaded_real_geojson,True,False,,,
P73,Bahçeli,orchard,KAYSI,,480.0,Damla,384264.0,4560000.0,1,20140016.162,649677.94071,C073,Bekir Arslan,current,Mevcut desen / Excel referansı,KAYSI,geometry_ready,Bahçeli parsel çizimi panele bağlandı; GeoJSON dosyası kalıcı veri klasörüne işlendi.,Yüklü gerçek GeoJSON,uploaded_real_geojson,True,False,,,
P74,Bahçeli,orchard,KİRAZ,,20.0,Damla,16211.0,230000.0,1,20140016.162,649677.94071,C074,Ömer Aslan,current,Mevcut desen / Excel referansı,KİRAZ,geometry_ready,Bahçeli parsel çizimi panele bağlandı; GeoJSON dosyası kalıcı veri klasörüne işlendi.,Yüklü gerçek GeoJSON,uploaded_real_geojson,True,False,,,
P75,Bahçeli,orchard,NEKTAR,,98.0,Damla,83098.12,980000.0,1,20140016.162,649677.94071,C075,Kemal Bulut,current,Mevcut desen / Excel referansı,NEKTAR,geometry_ready,Bahçeli parsel çizimi panele bağlandı; GeoJSON dosyası kalıcı veri klasörüne işlendi.,Yüklü gerçek GeoJSON,uploaded_real_geojson,True,False,,,
P76,Bahçeli,orchard,ŞEFTALİ,,25.0,Damla,21198.5,245000.0,1,20140016.162,649677.94071,C076,Halil Özer,current,Mevcut desen / Excel referansı,ŞEFTALİ,geometry_ready,Bahçeli parsel çizimi panele bağlandı; GeoJSON dosyası kalıcı veri klasörüne işlendi.,Yüklü gerçek GeoJSON,uploaded_real_geojson,True,False,,,
P77,Bahçeli,orchard,BADEM,,2.0,Damla,1316.54,18000.0,1,20140016.162,649677.94071,C077,Emin Kara,current,Mevcut desen / Excel referansı,BADEM,geometry_ready,Bahçeli parsel çizimi panele bağlandı; GeoJSON dosyası kalıcı veri klasörüne işlendi.,Yüklü gerçek GeoJSON,uploaded_real_geojson,True,False,,,
P78,Bahçeli,orchard,CEVİZ,,203.0,Damla,165032.91,2030000.0,1,20140016.162,649677.94071,C078,Şaban Bilgin,current,Mevcut desen / Excel referansı,CEVİZ,geometry_ready,Bahçeli parsel çizimi panele bağlandı; GeoJSON dosyası kalıcı veri klasörüne işlendi.,Yüklü gerçek GeoJSON,uploaded_real_geojson,True,False,,,
P79,Bor İlçe Merkezi,field,BUĞDAY (Dane),,4441.0,Yagmurlama,2721311.57,11933131.317,0,20140016.162,468372.468884,C079,Adem Köse,current,Mevcut desen / Excel referansı,BUĞDAY (Dane),geometry_ready,Parsel bilgileri Excel kaynağından girildi; kullanıcı yalnızca sınır çizimini/polygonu tamamlayacak.,Yüklü gerçek GeoJSON,uploaded_real_geojson,True,False,,,
P80,Bor İlçe Merkezi,field,ARPA (Dane),,2540.0,Yagmurlama,1308989.0,6604000.0,0,20140016.162,468372.468884,C080,Yakup Çelik,current,Mevcut desen / Excel referansı,ARPA (Dane),geometry_ready,Parsel bilgileri Excel kaynağından girildi; kullanıcı yalnızca sınır çizimini/polygonu tamamlayacak.,Yüklü gerçek GeoJSON,uploaded_real_geojson,True,False,,,
P81,Bor İlçe Merkezi,field,ÇAVDAR (Dane),,85.0,Yagmurlama,43684.9,212500.0,0,20140016.162,468372.468884,C081,Veli Koç,current,Mevcut desen / Excel referansı,ÇAVDAR (Dane),geometry_ready,Parsel bilgileri Excel kaynağından girildi; kullanıcı yalnızca sınır çizimini/polygonu tamamlayacak.,Yüklü gerçek GeoJSON,uploaded_real_geojson,True,False,,,
P82,Bor İlçe Merkezi,field,MISIR (Dane),,9.0,Yagmurlama,8992.53,36000.0,0,20140016.162,468372.468884,C082,İsmail Güneş,current,Mevcut desen / Excel referansı,MISIR (Dane),geometry_ready,Parsel bilgileri Excel kaynağından girildi; kullanıcı yalnızca sınır çizimini/polygonu tamamlayacak.,Yüklü gerçek GeoJSON,uploaded_real_geojson,True,False,,,
P83,Bor İlçe Merkezi,field,TRTİKALE (Dane),,50.0,Yagmurlama,27105.0,135000.0,0,20140016.162,468372.468884,C083,Serkan Karaca,current,Mevcut desen / Excel referansı,TRTİKALE (Dane),geometry_ready,Parsel bilgileri Excel kaynağından girildi; kullanıcı yalnızca sınır çizimini/polygonu tamamlayacak.,Yüklü gerçek GeoJSON,uploaded_real_geojson,True,False,,,
P84,Bor İlçe Merkezi,field,KURU FASULYE,,160.0,Yagmurlama,133510.4,880000.0,0,20140016.162,468372.468884,C084,Selim Çetin,current,Mevcut desen / Excel referansı,KURU FASULYE,geometry_ready,Parsel bilgileri Excel kaynağından girildi; kullanıcı yalnızca sınır çizimini/polygonu tamamlayacak.,Yüklü gerçek GeoJSON,uploaded_real_geojson,True,False,,,
P85,Bor İlçe Merkezi,field,NOHUT,,140.0,Yagmurlama,93069.2,448000.0,0,20140016.162,468372.468884,C085,Mahmut Acar,current,Mevcut desen / Excel referansı,NOHUT,geometry_ready,Parsel bilgileri Excel kaynağından girildi; kullanıcı yalnızca sınır çizimini/polygonu tamamlayacak.,Yüklü gerçek GeoJSON,uploaded_real_geojson,True,False,,,
P86,Bor İlçe Merkezi,field,PATATES,,250.0,Yagmurlama,222375.0,580254.25,0,20140016.162,468372.468884,C086,Ferhat Uzun,current,Mevcut desen / Excel referansı,PATATES,geometry_ready,Parsel bilgileri Excel kaynağından girildi; kullanıcı yalnızca sınır çizimini/polygonu tamamlayacak.,Yüklü gerçek GeoJSON,uploaded_real_geojson,True,False,,,
P87,Bor İlçe Merkezi,field,ŞEKER PANCARI,,2960.0,Karık,4422861.6,19240000.0,0,20140016.162,468372.468884,C087,Erdal Şahin,current,Mevcut desen / Excel referansı,ŞEKER PANCARI,geometry_ready,Parsel bilgileri Excel kaynağından girildi; kullanıcı yalnızca sınır çizimini/polygonu tamamlayacak.,Yüklü gerçek GeoJSON,uploaded_real_geojson,True,False,,,
P88,Bor İlçe Merkezi,field,ÇAVDAR (YEŞİLOT),,570.0,Yagmurlama,260837.7,2223000.0,0,20140016.162,468372.468884,C088,Cemal Korkmaz,current,Mevcut desen / Excel referansı,ÇAVDAR (YEŞİLOT),geometry_ready,Parsel bilgileri Excel kaynağından girildi; kullanıcı yalnızca sınır çizimini/polygonu tamamlayacak.,Yüklü gerçek GeoJSON,uploaded_real_geojson,True,False,,,
P89,Bor İlçe Merkezi,field,TRİTİKALE (YEŞİLOT),,40.0,Yagmurlama,24294.8,140000.0,0,20140016.162,468372.468884,C089,Metin Yalçın,current,Mevcut desen / Excel referansı,TRİTİKALE (YEŞİLOT),geometry_ready,Parsel bilgileri Excel kaynağından girildi; kullanıcı yalnızca sınır çizimini/polygonu tamamlayacak.,Yüklü gerçek GeoJSON,uploaded_real_geojson,True,False,,,
P90,Bor İlçe Merkezi,field,FİĞ (YEŞİLOT),,900.0,Yagmurlama,546633.0,4050000.0,0,20140016.162,468372.468884,C090,Orhan Kaplan,current,Mevcut desen / Excel referansı,FİĞ (YEŞİLOT),geometry_ready,Parsel bilgileri Excel kaynağından girildi; kullanıcı yalnızca sınır çizimini/polygonu tamamlayacak.,Yüklü gerçek GeoJSON,uploaded_real_geojson,True,False,,,
P91,Bor İlçe Merkezi,field,YONCA (YEŞİLOT),,2900.0,Yagmurlama,3232717.0,18850000.0,0,20140016.162,468372.468884,C091,Nuri Bayram,current,Mevcut desen / Excel referansı,YONCA (YEŞİLOT),geometry_ready,Parsel bilgileri Excel kaynağından girildi; kullanıcı yalnızca sınır çizimini/polygonu tamamlayacak.,Yüklü gerçek GeoJSON,uploaded_real_geojson,True,False,,,
P92,Bor İlçe Merkezi,field,SİLAJLIK MISIR,,5340.0,Yagmurlama,4464293.4,33108000.0,0,20140016.162,468372.468884,C092,Sevgi Sezer,current,Mevcut desen / Excel referansı,SİLAJLIK MISIR,geometry_ready,Parsel bilgileri Excel kaynağından girildi; kullanıcı yalnızca sınır çizimini/polygonu tamamlayacak.,Yüklü gerçek GeoJSON,uploaded_real_geojson,True,False,,,
P93,Bor İlçe Merkezi,field,SORGUM,,183.0,Yagmurlama,178249.32,695400.0,0,20140016.162,468372.468884,C093,Nermin Çakır,current,Mevcut desen / Excel referansı,SORGUM,geometry_ready,Parsel bilgileri Excel kaynağından girildi; kullanıcı yalnızca sınır çizimini/polygonu tamamlayacak.,Yüklü gerçek GeoJSON,uploaded_real_geojson,True,False,,,
P94,Bor İlçe Merkezi,vegetable,SİVRİ BİBER,,16.0,Damla,11169.44,112000.0,0,20140016.162,468372.468884,C094,Gül Yılmaz,current,Mevcut desen / Excel referansı,SİVRİ BİBER,geometry_ready,Parsel bilgileri Excel kaynağından girildi; kullanıcı yalnızca sınır çizimini/polygonu tamamlayacak.,Yüklü gerçek GeoJSON,uploaded_real_geojson,True,False,,,
P95,Bor İlçe Merkezi,vegetable,SALÇALIK BİBER,,191.0,Damla,133335.19,1748777.091,0,20140016.162,468372.468884,C095,Derya Öztürk,current,Mevcut desen / Excel referansı,SALÇALIK BİBER,geometry_ready,Parsel bilgileri Excel kaynağından girildi; kullanıcı yalnızca sınır çizimini/polygonu tamamlayacak.,Yüklü gerçek GeoJSON,uploaded_real_geojson,True,False,,,
P96,Bor İlçe Merkezi,vegetable,SOFRALIK DOMATES,,180.0,Damla,141890.4,1562345.64,0,20140016.162,468372.468884,C096,Büşra Aktaş,current,Mevcut desen / Excel referansı,SOFRALIK DOMATES,geometry_ready,Parsel bilgileri Excel kaynağından girildi; kullanıcı yalnızca sınır çizimini/polygonu tamamlayacak.,Yüklü gerçek GeoJSON,uploaded_real_geojson,True,False,,,
P97,Bor İlçe Merkezi,vegetable,SALÇALIK DOMATES,,4960.0,Damla,3909868.8,79318926.24,0,20140016.162,468372.468884,C097,Esra Erdem,current,Mevcut desen / Excel referansı,SALÇALIK DOMATES,geometry_ready,Parsel bilgileri Excel kaynağından girildi; kullanıcı yalnızca sınır çizimini/polygonu tamamlayacak.,Yüklü gerçek GeoJSON,uploaded_real_geojson,True,False,,,
P98,Bor İlçe Merkezi,vegetable,FASULYE (TAZE),,10.0,Damla,5804.2,5756.35,0,20140016.162,468372.468884,C098,Seda Tekin,current,Mevcut desen / Excel referansı,FASULYE (TAZE),geometry_ready,Parsel bilgileri Excel kaynağından girildi; kullanıcı yalnızca sınır çizimini/polygonu tamamlayacak.,Yüklü gerçek GeoJSON,uploaded_real_geojson,True,False,,,
P99,Bor İlçe Merkezi,vegetable,HIYAR (SOFRALIK),,12.0,Damla,7514.28,62400.0,0,20140016.162,468372.468884,C099,Rabia Keskin,current,Mevcut desen / Excel referansı,HIYAR (SOFRALIK),geometry_ready,Parsel bilgileri Excel kaynağından girildi; kullanıcı yalnızca sınır çizimini/polygonu tamamlayacak.,Yüklü gerçek GeoJSON,uploaded_real_geojson,True,False,,,
P100,Bor İlçe Merkezi,vegetable,KABAK (SAKIZ),,7.0,Damla,4383.33,45500.0,0,20140016.162,468372.468884,C100,Neslihan Işık,current,Mevcut desen / Excel referansı,KABAK (SAKIZ),geometry_ready,Parsel bilgileri Excel kaynağından girildi; kullanıcı yalnızca sınır çizimini/polygonu tamamlayacak.,Yüklü gerçek GeoJSON,uploaded_real_geojson,True,False,,,
P101,Bor İlçe Merkezi,vegetable,KABAK (ÇEREZLİK),,50.0,Damla,29872.0,225000.0,0,20140016.162,468372.468884,C101,Ahmet Yılmaz,current,Mevcut desen / Excel referansı,KABAK (ÇEREZLİK),geometry_ready,Parsel bilgileri Excel kaynağından girildi; kullanıcı yalnızca sınır çizimini/polygonu tamamlayacak.,Yüklü gerçek GeoJSON,uploaded_real_geojson,True,False,,,
P102,Bor İlçe Merkezi,vegetable,ISPANAK,,30.0,Yagmurlama,11081.7,90000.0,0,20140016.162,468372.468884,C102,Mehmet Öztürk,current,Mevcut desen / Excel referansı,ISPANAK,geometry_ready,Parsel bilgileri Excel kaynağından girildi; kullanıcı yalnızca sınır çizimini/polygonu tamamlayacak.,Yüklü gerçek GeoJSON,uploaded_real_geojson,True,False,,,
P103,Bor İlçe Merkezi,vegetable,KARPUZ,,750.0,Damla,482385.0,3375000.0,0,20140016.162,468372.468884,C103,Mustafa Aktaş,current,Mevcut desen / Excel referansı,KARPUZ,geometry_ready,Parsel bilgileri Excel kaynağından girildi; kullanıcı yalnızca sınır çizimini/polygonu tamamlayacak.,Yüklü gerçek GeoJSON,uploaded_real_geojson,True,False,,,
P104,Bor İlçe Merkezi,vegetable,KAVUN,,520.0,Damla,341941.6,2444000.0,0,20140016.162,468372.468884,C104,Ali Erdem,current,Mevcut desen / Excel referansı,KAVUN,geometry_ready,Parsel bilgileri Excel kaynağından girildi; kullanıcı yalnızca sınır çizimini/polygonu tamamlayacak.,Yüklü gerçek GeoJSON,uploaded_real_geojson,True,False,,,
P105,Bor İlçe Merkezi,vegetable,LAHANA (BEYAZ),,240.0,Yagmurlama,99477.6,1193459.52,0,20140016.162,468372.468884,C105,Hasan Tekin,current,Mevcut desen / Excel referansı,LAHANA (BEYAZ),geometry_ready,Parsel bilgileri Excel kaynağından girildi; kullanıcı yalnızca sınır çizimini/polygonu tamamlayacak.,Yüklü gerçek GeoJSON,uploaded_real_geojson,True,False,,,
P106,Bor İlçe Merkezi,vegetable,MARUL,,35.0,Yagmurlama,12100.55,175000.0,0,20140016.162,468372.468884,C106,Hüseyin Keskin,current,Mevcut desen / Excel referansı,MARUL,geometry_ready,Parsel bilgileri Excel kaynağından girildi; kullanıcı yalnızca sınır çizimini/polygonu tamamlayacak.,Yüklü gerçek GeoJSON,uploaded_real_geojson,True,False,,,
P107,Bor İlçe Merkezi,vegetable,PIRASA,,30.0,Yagmurlama,23672.4,135000.0,0,20140016.162,468372.468884,C107,İbrahim Işık,current,Mevcut desen / Excel referansı,PIRASA,geometry_ready,Parsel bilgileri Excel kaynağından girildi; kullanıcı yalnızca sınır çizimini/polygonu tamamlayacak.,Yüklü gerçek GeoJSON,uploaded_real_geojson,True,False,,,
P108,Bor İlçe Merkezi,vegetable,SOĞAN (KURU),,1190.0,Yagmurlama,1194760.0,15207945.34,0,20140016.162,468372.468884,C108,Murat Kaya,current,Mevcut desen / Excel referansı,SOĞAN (KURU),geometry_ready,Parsel bilgileri Excel kaynağından girildi; kullanıcı yalnızca sınır çizimini/polygonu tamamlayacak.,Yüklü gerçek GeoJSON,uploaded_real_geojson,True,False,,,
P109,Bor İlçe Merkezi,vegetable,SOĞAN (TAZE),,30.0,Yagmurlama,25084.8,210000.0,0,20140016.162,468372.468884,C109,Osman Aydın,current,Mevcut desen / Excel referansı,SOĞAN (TAZE),geometry_ready,Parsel bilgileri Excel kaynağından girildi; kullanıcı yalnızca sınır çizimini/polygonu tamamlayacak.,Yüklü gerçek GeoJSON,uploaded_real_geojson,True,False,,,
P110,Bor İlçe Merkezi,vegetable,TURP (KIRMIZI),,30.0,Yagmurlama,8966.1,120000.0,0,20140016.162,468372.468884,C110,Yusuf Özdemir,current,Mevcut desen / Excel referansı,TURP (KIRMIZI),geometry_ready,Parsel bilgileri Excel kaynağından girildi; kullanıcı yalnızca sınır çizimini/polygonu tamamlayacak.,Yüklü gerçek GeoJSON,uploaded_real_geojson,True,False,,,
P111,Bor İlçe Merkezi,vegetable,MAYDONOZ,,40.0,Yagmurlama,18322.4,180000.0,0,20140016.162,468372.468884,C111,Fatma Taş,current,Mevcut desen / Excel referansı,MAYDONOZ,geometry_ready,Parsel bilgileri Excel kaynağından girildi; kullanıcı yalnızca sınır çizimini/polygonu tamamlayacak.,Yüklü gerçek GeoJSON,uploaded_real_geojson,True,False,,,
P112,Bor İlçe Merkezi,orchard,BAĞ,,700.0,Damla,449764.0,5600000.0,1,20140016.162,468372.468884,C112,Ayşe Kılıç,current,Mevcut desen / Excel referansı,BAĞ,geometry_ready,Parsel bilgileri Excel kaynağından girildi; kullanıcı yalnızca sınır çizimini/polygonu tamamlayacak.,Yüklü gerçek GeoJSON,uploaded_real_geojson,True,False,,,
P113,Bor İlçe Merkezi,orchard,ARMUT,,20.0,Damla,16959.8,200000.0,1,20140016.162,468372.468884,C113,Emine Güler,current,Mevcut desen / Excel referansı,ARMUT,geometry_ready,Parsel bilgileri Excel kaynağından girildi; kullanıcı yalnızca sınır çizimini/polygonu tamamlayacak.,Yüklü gerçek GeoJSON,uploaded_real_geojson,True,False,,,
P114,Bor İlçe Merkezi,orchard,ELMA,,4940.0,Damla,4016269.4,54340000.0,1,20140016.162,468372.468884,C114,Hatice Özkan,current,Mevcut desen / Excel referansı,ELMA,geometry_ready,Parsel bilgileri Excel kaynağından girildi; kullanıcı yalnızca sınır çizimini/polygonu tamamlayacak.,Yüklü gerçek GeoJSON,uploaded_real_geojson,True,False,,,
P115,Bor İlçe Merkezi,orchard,ERİK,,13.0,Damla,10179.26,117000.0,1,20140016.162,468372.468884,C115,Zeynep Demir,current,Mevcut desen / Excel referansı,ERİK,geometry_ready,Parsel bilgileri Excel kaynağından girildi; kullanıcı yalnızca sınır çizimini/polygonu tamamlayacak.,Yüklü gerçek GeoJSON,uploaded_real_geojson,True,False,,,
P116,Bor İlçe Merkezi,orchard,KAYSI,,170.0,Damla,136093.5,1615000.0,1,20140016.162,468372.468884,C116,Elif Yıldız,current,Mevcut desen / Excel referansı,KAYSI,geometry_ready,Parsel bilgileri Excel kaynağından girildi; kullanıcı yalnızca sınır çizimini/polygonu tamamlayacak.,Yüklü gerçek GeoJSON,uploaded_real_geojson,True,False,,,
P117,Bor İlçe Merkezi,orchard,KİRAZ,,24.0,Damla,19453.2,276000.0,1,20140016.162,468372.468884,C117,Meryem Kurt,current,Mevcut desen / Excel referansı,KİRAZ,geometry_ready,Parsel bilgileri Excel kaynağından girildi; kullanıcı yalnızca sınır çizimini/polygonu tamamlayacak.,Yüklü gerçek GeoJSON,uploaded_real_geojson,True,False,,,
P118,Bor İlçe Merkezi,orchard,NEKTAR,,4.0,Damla,3391.96,40000.0,1,20140016.162,468372.468884,C118,Hacer Avcı,current,Mevcut desen / Excel referansı,NEKTAR,geometry_ready,Parsel bilgileri Excel kaynağından girildi; kullanıcı yalnızca sınır çizimini/polygonu tamamlayacak.,Yüklü gerçek GeoJSON,uploaded_real_geojson,True,False,,,
P119,Bor İlçe Merkezi,orchard,ŞEFTALİ,,15.0,Damla,12719.85,147000.0,1,20140016.162,468372.468884,C119,Sultan Eren,current,Mevcut desen / Excel referansı,ŞEFTALİ,geometry_ready,Parsel bilgileri Excel kaynağından girildi; kullanıcı yalnızca sınır çizimini/polygonu tamamlayacak.,Yüklü gerçek GeoJSON,uploaded_real_geojson,True,False,,,
P120,Bor İlçe Merkezi,orchard,BADEM,,3.0,Damla,1974.63,27000.0,1,20140016.162,468372.468884,C120,Kezban Duran,current,Mevcut desen / Excel referansı,BADEM,geometry_ready,Parsel bilgileri Excel kaynağından girildi; kullanıcı yalnızca sınır çizimini/polygonu tamamlayacak.,Yüklü gerçek GeoJSON,uploaded_real_geojson,True,False,,,
P121,Bor İlçe Merkezi,orchard,CEVİZ,,258.0,Damla,209756.58,2580000.0,1,20140016.162,468372.468884,C121,Ramazan Turan,current,Mevcut desen / Excel referansı,CEVİZ,geometry_ready,Parsel bilgileri Excel kaynağından girildi; kullanıcı yalnızca sınır çizimini/polygonu tamamlayacak.,Yüklü gerçek GeoJSON,uploaded_real_geojson,True,False,,,
P122,Kemerhisar,field,BUĞDAY (Dane),,7110.0,Yagmurlama,4356794.7,19104833.07,0,20140016.162,575429.0332,C122,Recep Sarı,current,Mevcut desen / Excel referansı,BUĞDAY (Dane),geometry_ready,Parsel bilgileri Excel kaynağından girildi; kullanıcı yalnızca sınır çizimini/polygonu tamamlayacak.,Yüklü gerçek GeoJSON,uploaded_real_geojson,True,False,,,
P123,Kemerhisar,field,ARPA (Dane),,5540.0,Yagmurlama,2855039.0,14404000.0,0,20140016.162,575429.0332,C123,Bekir Doğan,current,Mevcut desen / Excel referansı,ARPA (Dane),geometry_ready,Parsel bilgileri Excel kaynağından girildi; kullanıcı yalnızca sınır çizimini/polygonu tamamlayacak.,Yüklü gerçek GeoJSON,uploaded_real_geojson,True,False,,,
P124,Kemerhisar,field,ÇAVDAR (Dane),,40.0,Yagmurlama,20557.6,100000.0,0,20140016.162,575429.0332,C124,Ömer Polat,current,Mevcut desen / Excel referansı,ÇAVDAR (Dane),geometry_ready,Parsel bilgileri Excel kaynağından girildi; kullanıcı yalnızca sınır çizimini/polygonu tamamlayacak.,Yüklü gerçek GeoJSON,uploaded_real_geojson,True,False,,,
P125,Kemerhisar,field,MISIR (Dane),,11.0,Yagmurlama,10990.87,44000.0,0,20140016.162,575429.0332,C125,Kemal Bozkurt,current,Mevcut desen / Excel referansı,MISIR (Dane),geometry_ready,Parsel bilgileri Excel kaynağından girildi; kullanıcı yalnızca sınır çizimini/polygonu tamamlayacak.,Yüklü gerçek GeoJSON,uploaded_real_geojson,True,False,,,
P126,Kemerhisar,field,KURU FASULYE,,75.0,Yagmurlama,62583.0,412500.0,0,20140016.162,575429.0332,C126,Halil Uçar,current,Mevcut desen / Excel referansı,KURU FASULYE,geometry_ready,Parsel bilgileri Excel kaynağından girildi; kullanıcı yalnızca sınır çizimini/polygonu tamamlayacak.,Yüklü gerçek GeoJSON,uploaded_real_geojson,True,False,,,
P127,Kemerhisar,field,NOHUT,,650.0,Yagmurlama,432107.0,2080000.0,0,20140016.162,575429.0332,C127,Emin Aydoğan,current,Mevcut desen / Excel referansı,NOHUT,geometry_ready,Parsel bilgileri Excel kaynağından girildi; kullanıcı yalnızca sınır çizimini/polygonu tamamlayacak.,Yüklü gerçek GeoJSON,uploaded_real_geojson,True,False,,,
P128,Kemerhisar,field,AYÇİÇEĞİ,,153.0,Yagmurlama,97390.62,642600.0,0,20140016.162,575429.0332,C128,Şaban Şimşek,current,Mevcut desen / Excel referansı,AYÇİÇEĞİ,geometry_ready,Parsel bilgileri Excel kaynağından girildi; kullanıcı yalnızca sınır çizimini/polygonu tamamlayacak.,Yüklü gerçek GeoJSON,uploaded_real_geojson,True,False,,,
P129,Kemerhisar,field,PATATES,,630.0,Yagmurlama,560385.0,1462240.71,0,20140016.162,575429.0332,C129,Adem Ergin,current,Mevcut desen / Excel referansı,PATATES,geometry_ready,Parsel bilgileri Excel kaynağından girildi; kullanıcı yalnızca sınır çizimini/polygonu tamamlayacak.,Yüklü gerçek GeoJSON,uploaded_real_geojson,True,False,,,
P130,Kemerhisar,field,ŞEKER PANCARI,,2800.0,Karık,4183788.0,18200000.0,0,20140016.162,575429.0332,C130,Yakup Arslan,current,Mevcut desen / Excel referansı,ŞEKER PANCARI,geometry_ready,Parsel bilgileri Excel kaynağından girildi; kullanıcı yalnızca sınır çizimini/polygonu tamamlayacak.,Yüklü gerçek GeoJSON,uploaded_real_geojson,True,False,,,
P131,Kemerhisar,field,ÇAVDAR (YEŞİLOT),,130.0,Yagmurlama,59489.3,507000.0,0,20140016.162,575429.0332,C131,Veli Aslan,current,Mevcut desen / Excel referansı,ÇAVDAR (YEŞİLOT),geometry_ready,Parsel bilgileri Excel kaynağından girildi; kullanıcı yalnızca sınır çizimini/polygonu tamamlayacak.,Yüklü gerçek GeoJSON,uploaded_real_geojson,True,False,,,
P132,Kemerhisar,field,FİĞ (YEŞİLOT),,350.0,Yagmurlama,212579.5,1575000.0,0,20140016.162,575429.0332,C132,İsmail Bulut,current,Mevcut desen / Excel referansı,FİĞ (YEŞİLOT),geometry_ready,Parsel bilgileri Excel kaynağından girildi; kullanıcı yalnızca sınır çizimini/polygonu tamamlayacak.,Yüklü gerçek GeoJSON,uploaded_real_geojson,True,False,,,
P133,Kemerhisar,field,YONCA (YEŞİLOT),,2765.0,Yagmurlama,3082228.45,17972500.0,0,20140016.162,575429.0332,C133,Serkan Özer,current,Mevcut desen / Excel referansı,YONCA (YEŞİLOT),geometry_ready,Parsel bilgileri Excel kaynağından girildi; kullanıcı yalnızca sınır çizimini/polygonu tamamlayacak.,Yüklü gerçek GeoJSON,uploaded_real_geojson,True,False,,,
P134,Kemerhisar,field,SİLAJLIK MISIR,,850.0,Yagmurlama,710608.5,5270000.0,0,20140016.162,575429.0332,C134,Selim Kara,current,Mevcut desen / Excel referansı,SİLAJLIK MISIR,geometry_ready,Parsel bilgileri Excel kaynağından girildi; kullanıcı yalnızca sınır çizimini/polygonu tamamlayacak.,Yüklü gerçek GeoJSON,uploaded_real_geojson,True,False,,,
P135,Kemerhisar,field,LAVANTA,,7.0,Damla,2772.98,49000.0,0,20140016.162,575429.0332,C135,Mahmut Bilgin,current,Mevcut desen / Excel referansı,LAVANTA,geometry_ready,Parsel bilgileri Excel kaynağından girildi; kullanıcı yalnızca sınır çizimini/polygonu tamamlayacak.,Yüklü gerçek GeoJSON,uploaded_real_geojson,True,False,,,
P136,Kemerhisar,vegetable,SİVRİ BİBER,,5.0,Damla,3490.45,35000.0,0,20140016.162,575429.0332,C136,Ferhat Köse,current,Mevcut desen / Excel referansı,SİVRİ BİBER,geometry_ready,Parsel bilgileri Excel kaynağından girildi; kullanıcı yalnızca sınır çizimini/polygonu tamamlayacak.,Yüklü gerçek GeoJSON,uploaded_real_geojson,True,False,,,
P137,Kemerhisar,vegetable,SALÇALIK BİBER,,590.0,Damla,411873.1,5401981.59,0,20140016.162,575429.0332,C137,Erdal Çelik,current,Mevcut desen / Excel referansı,SALÇALIK BİBER,geometry_ready,Parsel bilgileri Excel kaynağından girildi; kullanıcı yalnızca sınır çizimini/polygonu tamamlayacak.,Yüklü gerçek GeoJSON,uploaded_real_geojson,True,False,,,
P138,Kemerhisar,vegetable,SOFRALIK DOMATES,,120.0,Damla,94593.6,1041563.76,0,20140016.162,575429.0332,C138,Cemal Koç,current,Mevcut desen / Excel referansı,SOFRALIK DOMATES,info_ready_drawing_pending,Parsel bilgileri Excel kaynağından girildi; kullanıcı yalnızca sınır çizimini/polygonu tamamlayacak.,Çizim bekliyor,pending_panel_drawing,False,True,,,
P139,Kemerhisar,vegetable,SALÇALIK DOMATES,,5400.0,Damla,4256712.0,86355282.6,0,20140016.162,575429.0332,C139,Metin Güneş,current,Mevcut desen / Excel referansı,SALÇALIK DOMATES,geometry_ready,Parsel bilgileri Excel kaynağından girildi; kullanıcı yalnızca sınır çizimini/polygonu tamamlayacak.,Yüklü gerçek GeoJSON,uploaded_real_geojson,True,False,,,
P140,Kemerhisar,vegetable,FASULYE (TAZE),,5.0,Damla,2902.1,2878.175,0,20140016.162,575429.0332,C140,Orhan Karaca,current,Mevcut desen / Excel referansı,FASULYE (TAZE),geometry_ready,Parsel bilgileri Excel kaynağından girildi; kullanıcı yalnızca sınır çizimini/polygonu tamamlayacak.,Yüklü gerçek GeoJSON,uploaded_real_geojson,True,False,,,
P141,Kemerhisar,vegetable,HIYAR (SOFRALIK),,1.0,Damla,626.19,5200.0,0,20140016.162,575429.0332,C141,Nuri Çetin,current,Mevcut desen / Excel referansı,HIYAR (SOFRALIK),geometry_ready,Parsel bilgileri Excel kaynağından girildi; kullanıcı yalnızca sınır çizimini/polygonu tamamlayacak.,Yüklü gerçek GeoJSON,uploaded_real_geojson,True,False,,,
P142,Kemerhisar,vegetable,KABAK (ÇEREZLİK),,4.0,Damla,2389.76,18000.0,0,20140016.162,575429.0332,C142,Sevgi Acar,current,Mevcut desen / Excel referansı,KABAK (ÇEREZLİK),geometry_ready,Parsel bilgileri Excel kaynağından girildi; kullanıcı yalnızca sınır çizimini/polygonu tamamlayacak.,Yüklü gerçek GeoJSON,uploaded_real_geojson,True,False,,,
P143,Kemerhisar,vegetable,KARPUZ,,100.0,Damla,64318.0,450000.0,0,20140016.162,575429.0332,C143,Nermin Uzun,current,Mevcut desen / Excel referansı,KARPUZ,geometry_ready,Parsel bilgileri Excel kaynağından girildi; kullanıcı yalnızca sınır çizimini/polygonu tamamlayacak.,Yüklü gerçek GeoJSON,uploaded_real_geojson,True,False,,,
P144,Kemerhisar,vegetable,KAVUN,,200.0,Damla,131516.0,940000.0,0,20140016.162,575429.0332,C144,Gül Şahin,current,Mevcut desen / Excel referansı,KAVUN,geometry_ready,Parsel bilgileri Excel kaynağından girildi; kullanıcı yalnızca sınır çizimini/polygonu tamamlayacak.,Yüklü gerçek GeoJSON,uploaded_real_geojson,True,False,,,
P145,Kemerhisar,vegetable,LAHANA (BEYAZ),,65.0,Yagmurlama,26941.85,323228.62,0,20140016.162,575429.0332,C145,Derya Korkmaz,current,Mevcut desen / Excel referansı,LAHANA (BEYAZ),geometry_ready,Parsel bilgileri Excel kaynağından girildi; kullanıcı yalnızca sınır çizimini/polygonu tamamlayacak.,Yüklü gerçek GeoJSON,uploaded_real_geojson,True,False,,,
P146,Kemerhisar,vegetable,SOĞAN (KURU),,40.0,Yagmurlama,40160.0,511191.44,0,20140016.162,575429.0332,C146,Büşra Yalçın,current,Mevcut desen / Excel referansı,SOĞAN (KURU),geometry_ready,Parsel bilgileri Excel kaynağından girildi; kullanıcı yalnızca sınır çizimini/polygonu tamamlayacak.,Yüklü gerçek GeoJSON,uploaded_real_geojson,True,False,,,
P147,Kemerhisar,orchard,BAĞ,,2800.0,Damla,1799056.0,22400000.0,1,20140016.162,575429.0332,C147,Esra Kaplan,current,Mevcut desen / Excel referansı,BAĞ,geometry_ready,Parsel bilgileri Excel kaynağından girildi; kullanıcı yalnızca sınır çizimini/polygonu tamamlayacak.,Yüklü gerçek GeoJSON,uploaded_real_geojson,True,False,,,
P148,Kemerhisar,orchard,ARMUT,,50.0,Damla,42399.5,500000.0,1,20140016.162,575429.0332,C148,Seda Bayram,current,Mevcut desen / Excel referansı,ARMUT,geometry_ready,Parsel bilgileri Excel kaynağından girildi; kullanıcı yalnızca sınır çizimini/polygonu tamamlayacak.,Yüklü gerçek GeoJSON,uploaded_real_geojson,True,False,,,
P149,Kemerhisar,orchard,ELMA,,9546.0,Damla,7760993.46,105006000.0,1,20140016.162,575429.0332,C-BETUL,Betül Demir,current,Mevcut desen / Excel referansı,ELMA,geometry_ready,Parsel bilgileri Excel kaynağından girildi; kullanıcı yalnızca sınır çizimini/polygonu tamamlayacak.,Yüklü gerçek GeoJSON,uploaded_real_geojson,True,False,betul.demir,betul.demir,Betül Demir
P150,Kemerhisar,orchard,ERİK,,30.0,Damla,23490.6,270000.0,1,20140016.162,575429.0332,C150,Neslihan Çakır,current,Mevcut desen / Excel referansı,ERİK,geometry_ready,Parsel bilgileri Excel kaynağından girildi; kullanıcı yalnızca sınır çizimini/polygonu tamamlayacak.,Yüklü gerçek GeoJSON,uploaded_real_geojson,True,False,,,
P151,Kemerhisar,orchard,KAYSI,,356.0,Damla,284995.8,3382000.0,1,20140016.162,575429.0332,C151,Ahmet Şahin,current,Mevcut desen / Excel referansı,KAYSI,geometry_ready,Parsel bilgileri Excel kaynağından girildi; kullanıcı yalnızca sınır çizimini/polygonu tamamlayacak.,Yüklü gerçek GeoJSON,uploaded_real_geojson,True,False,,,
P152,Kemerhisar,orchard,KİRAZ,,15.0,Damla,12158.25,172500.0,1,20140016.162,575429.0332,C152,Mehmet Korkmaz,current,Mevcut desen / Excel referansı,KİRAZ,geometry_ready,Parsel bilgileri Excel kaynağından girildi; kullanıcı yalnızca sınır çizimini/polygonu tamamlayacak.,Yüklü gerçek GeoJSON,uploaded_real_geojson,True,False,,,
P153,Kemerhisar,orchard,NEKTAR,,16.0,Damla,13567.84,160000.0,1,20140016.162,575429.0332,C153,Mustafa Yalçın,current,Mevcut desen / Excel referansı,NEKTAR,geometry_ready,Parsel bilgileri Excel kaynağından girildi; kullanıcı yalnızca sınır çizimini/polygonu tamamlayacak.,Yüklü gerçek GeoJSON,uploaded_real_geojson,True,False,,,
P154,Kemerhisar,orchard,ŞEFTALİ,,8.0,Damla,6783.92,78400.0,1,20140016.162,575429.0332,C154,Ali Kaplan,current,Mevcut desen / Excel referansı,ŞEFTALİ,geometry_ready,Parsel bilgileri Excel kaynağından girildi; kullanıcı yalnızca sınır çizimini/polygonu tamamlayacak.,Yüklü gerçek GeoJSON,uploaded_real_geojson,True,False,,,
P155,Kemerhisar,orchard,BADEM,,43.0,Damla,28303.03,387000.0,1,20140016.162,575429.0332,C155,Hasan Bayram,current,Mevcut desen / Excel referansı,BADEM,geometry_ready,Parsel bilgileri Excel kaynağından girildi; kullanıcı yalnızca sınır çizimini/polygonu tamamlayacak.,Yüklü gerçek GeoJSON,uploaded_real_geojson,True,False,,,
P156,Kemerhisar,orchard,CEVİZ,,597.0,Damla,485366.97,5970000.0,1,20140016.162,575429.0332,C156,Hüseyin Sezer,current,Mevcut desen / Excel referansı,CEVİZ,geometry_ready,Parsel bilgileri Excel kaynağından girildi; kullanıcı yalnızca sınır çizimini/polygonu tamamlayacak.,Yüklü gerçek GeoJSON,uploaded_real_geojson,True,False,,,
P157,Kaynarca,field,ARPA (Dane),,725.0,Yagmurlama,373628.75,1885000.0,0,20140016.162,875652.876609,C157,Yakup Doğan,current,Mevcut desen / Excel referansı,ARPA (Dane),geometry_ready,Parsel bilgileri Excel kaynağından girildi; kullanıcı yalnızca sınır çizimini/polygonu tamamlayacak.,Yüklü gerçek GeoJSON,uploaded_real_geojson,True,False,,,
P158,Kaynarca,field,BUĞDAY (Dane),,878.0,Yagmurlama,538012.06,2359218.486,0,20140016.162,875652.876609,C-BETUL,Betül Demir,current,Mevcut desen / Excel referansı,BUĞDAY (Dane),geometry_ready,Parsel bilgileri Excel kaynağından girildi; kullanıcı yalnızca sınır çizimini/polygonu tamamlayacak.,Yüklü gerçek GeoJSON,uploaded_real_geojson,True,False,betul.demir,betul.demir,Betül Demir
P159,Kaynarca,field,PATATES,,25.0,Yagmurlama,22237.5,58025.425,0,20140016.162,875652.876609,C159,İsmail Bozkurt,current,Mevcut desen / Excel referansı,PATATES,geometry_ready,Parsel bilgileri Excel kaynağından girildi; kullanıcı yalnızca sınır çizimini/polygonu tamamlayacak.,Yüklü gerçek GeoJSON,uploaded_real_geojson,True,False,,,
P160,Kaynarca,field,SORGUM,,15.0,Yagmurlama,14610.6,57000.0,0,20140016.162,875652.876609,C160,Serkan Uçar,current,Mevcut desen / Excel referansı,SORGUM,geometry_ready,Parsel bilgileri Excel kaynağından girildi; kullanıcı yalnızca sınır çizimini/polygonu tamamlayacak.,Yüklü gerçek GeoJSON,uploaded_real_geojson,True,False,,,
P161,Kaynarca,field,SİLAJLIK MISIR,,30.0,Yagmurlama,25080.3,186000.0,0,20140016.162,875652.876609,C161,Selim Aydoğan,current,Mevcut desen / Excel referansı,SİLAJLIK MISIR,geometry_ready,Parsel bilgileri Excel kaynağından girildi; kullanıcı yalnızca sınır çizimini/polygonu tamamlayacak.,Yüklü gerçek GeoJSON,uploaded_real_geojson,True,False,,,
P162,Kaynarca,field,YONCA (YEŞİLOT),,145.0,Yagmurlama,161635.85,942500.0,0,20140016.162,875652.876609,C162,Mahmut Şimşek,current,Mevcut desen / Excel referansı,YONCA (YEŞİLOT),geometry_ready,Parsel bilgileri Excel kaynağından girildi; kullanıcı yalnızca sınır çizimini/polygonu tamamlayacak.,Yüklü gerçek GeoJSON,uploaded_real_geojson,True,False,,,
P163,Kaynarca,field,ÇAVDAR (YEŞİLOT),,30.0,Yagmurlama,13728.3,117000.0,0,20140016.162,875652.876609,C163,Ferhat Ergin,current,Mevcut desen / Excel referansı,ÇAVDAR (YEŞİLOT),geometry_ready,Parsel bilgileri Excel kaynağından girildi; kullanıcı yalnızca sınır çizimini/polygonu tamamlayacak.,Yüklü gerçek GeoJSON,uploaded_real_geojson,True,False,,,
P164,Kaynarca,vegetable,KARPUZ,,70.0,Damla,45022.6,315000.0,0,20140016.162,875652.876609,C164,Erdal Arslan,current,Mevcut desen / Excel referansı,KARPUZ,geometry_ready,Parsel bilgileri Excel kaynağından girildi; kullanıcı yalnızca sınır çizimini/polygonu tamamlayacak.,Yüklü gerçek GeoJSON,uploaded_real_geojson,True,False,,,
P165,Kaynarca,vegetable,KAVUN,,250.0,Damla,164395.0,1175000.0,0,20140016.162,875652.876609,C165,Cemal Aslan,current,Mevcut desen / Excel referansı,KAVUN,geometry_ready,Parsel bilgileri Excel kaynağından girildi; kullanıcı yalnızca sınır çizimini/polygonu tamamlayacak.,Yüklü gerçek GeoJSON,uploaded_real_geojson,True,False,,,
P166,Kaynarca,vegetable,LAHANA (BEYAZ),,5150.0,Yagmurlama,2134623.5,25609652.2,0,20140016.162,875652.876609,C166,Metin Bulut,current,Mevcut desen / Excel referansı,LAHANA (BEYAZ),geometry_ready,Parsel bilgileri Excel kaynağından girildi; kullanıcı yalnızca sınır çizimini/polygonu tamamlayacak.,Yüklü gerçek GeoJSON,uploaded_real_geojson,True,False,,,
P167,Kaynarca,vegetable,SALÇALIK BİBER,,10.0,Damla,6980.9,91559.01,0,20140016.162,875652.876609,C167,Orhan Özer,current,Mevcut desen / Excel referansı,SALÇALIK BİBER,geometry_ready,Parsel bilgileri Excel kaynağından girildi; kullanıcı yalnızca sınır çizimini/polygonu tamamlayacak.,Yüklü gerçek GeoJSON,uploaded_real_geojson,True,False,,,
P168,Kaynarca,vegetable,SALÇALIK DOMATES,,2148.0,Damla,1693225.44,34350212.412,0,20140016.162,875652.876609,C168,Nuri Kara,current,Mevcut desen / Excel referansı,SALÇALIK DOMATES,geometry_ready,Parsel bilgileri Excel kaynağından girildi; kullanıcı yalnızca sınır çizimini/polygonu tamamlayacak.,Yüklü gerçek GeoJSON,uploaded_real_geojson,True,False,,,
P169,Kaynarca,vegetable,SOFRALIK DOMATES,,60.0,Damla,47296.8,520781.88,0,20140016.162,875652.876609,C169,Sevgi Bilgin,current,Mevcut desen / Excel referansı,SOFRALIK DOMATES,geometry_ready,Parsel bilgileri Excel kaynağından girildi; kullanıcı yalnızca sınır çizimini/polygonu tamamlayacak.,Yüklü gerçek GeoJSON,uploaded_real_geojson,True,False,,,
P170,Kaynarca,vegetable,SİVRİ BİBER,,2.0,Damla,1396.18,14000.0,0,20140016.162,875652.876609,C170,Nermin Köse,current,Mevcut desen / Excel referansı,SİVRİ BİBER,geometry_ready,Parsel bilgileri Excel kaynağından girildi; kullanıcı yalnızca sınır çizimini/polygonu tamamlayacak.,Yüklü gerçek GeoJSON,uploaded_real_geojson,True,False,,,
P171,Kaynarca,orchard,ARMUT,,11.0,Damla,9327.89,110000.0,1,20140016.162,875652.876609,C171,Gül Çelik,current,Mevcut desen / Excel referansı,ARMUT,geometry_ready,Parsel bilgileri Excel kaynağından girildi; kullanıcı yalnızca sınır çizimini/polygonu tamamlayacak.,Yüklü gerçek GeoJSON,uploaded_real_geojson,True,False,,,
P172,Kaynarca,orchard,BADEM,,2.0,Damla,1316.42,18000.0,1,20140016.162,875652.876609,C172,Derya Koç,current,Mevcut desen / Excel referansı,BADEM,geometry_ready,Parsel bilgileri Excel kaynağından girildi; kullanıcı yalnızca sınır çizimini/polygonu tamamlayacak.,Yüklü gerçek GeoJSON,uploaded_real_geojson,True,False,,,
P173,Kaynarca,orchard,BAĞ,,350.0,Damla,224882.0,2800000.0,1,20140016.162,875652.876609,C173,Büşra Güneş,current,Mevcut desen / Excel referansı,BAĞ,geometry_ready,Parsel bilgileri Excel kaynağından girildi; kullanıcı yalnızca sınır çizimini/polygonu tamamlayacak.,Yüklü gerçek GeoJSON,uploaded_real_geojson,True,False,,,
P174,Kaynarca,orchard,CEVİZ,,79.0,Damla,64227.79,790000.0,1,20140016.162,875652.876609,C174,Esra Karaca,current,Mevcut desen / Excel referansı,CEVİZ,geometry_ready,Parsel bilgileri Excel kaynağından girildi; kullanıcı yalnızca sınır çizimini/polygonu tamamlayacak.,Yüklü gerçek GeoJSON,uploaded_real_geojson,True,False,,,
P175,Kaynarca,orchard,ELMA,,130.0,Damla,105691.3,1430000.0,1,20140016.162,875652.876609,C175,Seda Çetin,current,Mevcut desen / Excel referansı,ELMA,geometry_ready,Parsel bilgileri Excel kaynağından girildi; kullanıcı yalnızca sınır çizimini/polygonu tamamlayacak.,Yüklü gerçek GeoJSON,uploaded_real_geojson,True,False,,,
P176,Kaynarca,orchard,KAYSI,,40.0,Damla,32022.0,380000.0,1,20140016.162,875652.876609,C176,Rabia Acar,current,Mevcut desen / Excel referansı,KAYSI,geometry_ready,Parsel bilgileri Excel kaynağından girildi; kullanıcı yalnızca sınır çizimini/polygonu tamamlayacak.,Yüklü gerçek GeoJSON,uploaded_real_geojson,True,False,,,
P177,Kaynarca,orchard,KİRAZ,,3.0,Damla,2431.65,34500.0,1,20140016.162,875652.876609,C177,Neslihan Uzun,current,Mevcut desen / Excel referansı,KİRAZ,geometry_ready,Parsel bilgileri Excel kaynağından girildi; kullanıcı yalnızca sınır çizimini/polygonu tamamlayacak.,Yüklü gerçek GeoJSON,uploaded_real_geojson,True,False,,,
P178,Kaynarca,orchard,NEKTAR,,6.0,Damla,5087.94,60000.0,1,20140016.162,875652.876609,C178,Ahmet Çelik,current,Mevcut desen / Excel referansı,NEKTAR,geometry_ready,Parsel bilgileri Excel kaynağından girildi; kullanıcı yalnızca sınır çizimini/polygonu tamamlayacak.,Yüklü gerçek GeoJSON,uploaded_real_geojson,True,False,,,
P179,Kaynarca,orchard,ŞEFTALİ,,32.0,Damla,27135.68,313600.0,1,20140016.162,875652.876609,C179,Mehmet Koç,current,Mevcut desen / Excel referansı,ŞEFTALİ,geometry_ready,Parsel bilgileri Excel kaynağından girildi; kullanıcı yalnızca sınır çizimini/polygonu tamamlayacak.,Yüklü gerçek GeoJSON,uploaded_real_geojson,True,False,,,
