input,normalize_crop_key,canonical_crop_key,variant_preserved
BUĞDAY,BUGDAY,BUGDAY,YES
BUGDAY,BUGDAY,BUGDAY,YES
BUĞDAY (Dane),BUGDAY_DANE,BUGDAYDANE,YES
BUĞDAY_KURU,BUGDAY_KURU,BUGDAYKURU,YES
MERCİMEK,MERCIMEK,MERCIMEK,NO
MERCİMEK_KURU,MERCIMEK_KURU,MERCIMEKKURU,YES
MISIR (Dane),MISIR_DANE,MISIRDANE,YES
SİLAJLIK MISIR,SILAJLIK_MISIR,SILAJLIKMISIR,YES
TURP,TURP,TURP,NO
TURP (KIRMIZI),TURP_KIRMIZI,TURPKIRMIZI,YES
KIRMIZI TURP,KIRMIZI_TURP,KIRMIZITURP,YES
DOMATES (SALÇALIK),DOMATES_SALCALIK,DOMATESSALCALIK,YES
SALÇALIK DOMATES,SALCALIK_DOMATES,SALCALIKDOMATES,YES
KAYISI,KAYISI,KAYSI,YES
KAYSI,KAYSI,KAYSI,YES
NEKTARİN,NEKTARIN,NEKTAR,YES
NEKTAR,NEKTAR,NEKTAR,YES
