month,storage_m3,fill_pct,capacity_m3_est,surface_area_m2_est,et0_mm_proxy,evap_m3_est,irrigation_m3_baseline,irrig_gross_m3_sen1,irrig_net_m3_sen1,total_demand_m3_sen1,demand_pct_of_storage_sen1,demand_pct_of_capacity_sen1,irrig_gross_m3_sen2,irrig_net_m3_sen2,total_demand_m3_sen2,demand_pct_of_storage_sen2,demand_pct_of_capacity_sen2
2000-01-01,905338.6193374177,15.6092865403003,5800000.000000002,576560.1273637824,69.91947187288741,40312.779608240366,15216.7661432377,11802.48079938592,9420.193538513371,52115.26040762629,5.756438452362436,0.8985389725452808,14119.655058296576,10834.62312482405,54432.43466653694,6.012384041053493,0.9384902528713265
2000-02-01,822898.8762758458,14.18791165992838,5799999.999999999,563667.9107014143,106.06488463906891,59785.371923290506,14391.96643096528,22473.249445202666,17935.91693308065,82258.62136849317,9.996200473716417,1.418252092560227,26891.296382212786,20632.748464662596,86676.66830550329,10.53308867035665,1.4944253156121259
2000-03-01,597669.3096687088,10.30464327015015,5800000.000000001,524705.9234282349,190.01613676876195,99702.59250951902,40262.61756543419,43409.63112619888,34569.69210411192,143112.2236357179,23.945051439071843,2.4674521316503086,60736.22511205076,45451.29817864052,160438.8176215698,26.844078326608713,2.7661865107167203
2000-04-01,290000.0,5.0,5800000.0,456524.7584249853,280.3547868491421,127988.90133959285,47648.9229479494,10066.442282314572,7431.953027714799,138055.3436219074,47.605290904106,2.3802645452053,33575.444529834065,23216.415028887437,161564.3458694269,55.71184340325066,2.785592170162533
2000-05-01,290000.0,5.0,5800000.0,456524.7584249853,367.00254610057266,167545.74869991845,51936.49735984484,41103.727562482185,30808.184899453398,208649.47626240063,71.94809526289677,3.5974047631448385,50701.44317178149,36435.54296823177,218247.19187169994,75.2576523695517,3.7628826184775854
2000-06-01,290000.0,5.0,5800000.0,456524.7584249853,399.32308180495215,182300.87345452642,46309.9630852116,62362.78245043009,46161.98652255239,244663.6559049565,84.36677789826086,4.218338894913043,60575.69541299687,43779.21362292992,242876.56886752328,83.75054098880113,4.187527049440057
2000-07-01,290000.0,5.0,5800000.0,456524.7584249853,387.62815333431865,176961.84905967297,47853.62852138531,84659.65454410142,62012.716679040524,261621.50360377438,90.2143115875084,4.510715579375421,71842.86276239417,51581.22235085232,248804.71182206715,85.79472821450592,4.289736410725296
2000-08-01,290000.0,5.0,5800000.0,456524.7584249853,305.3278862460943,139389.73950890958,38793.04079376186,61264.893286789906,44144.42965848543,200654.6327956995,69.19125268817224,3.459562634408612,49938.55041319445,35233.01291633432,189328.28992210404,65.28561721451864,3.2642808607259317
2000-09-01,290000.0,5.0,5800000.0,456524.7584249853,207.4887131013709,94723.73462451443,38823.82434280362,53459.18521835588,35919.64307542738,148182.91984287032,51.09755856650701,2.5548779283253507,36115.23110541665,25150.28299600847,130838.96572993108,45.11688473445899,2.2558442367229494
2000-10-01,290000.0,5.0,5800000.0,456524.7584249853,125.71570331768909,57392.33108733513,40675.08614857421,51180.24305623911,34121.24639752759,108572.57414357424,37.43881867019801,1.8719409335099007,27224.058392850522,20266.0248519111,84616.38948018565,29.178065337995054,1.4589032668997528
2000-11-01,697118.7938559782,12.019289549241,5800000.000000002,542681.9292639666,74.33531580084235,40340.43259124735,21736.22097145711,21551.36842069835,14706.268260510971,61891.8010119457,8.878228726212233,1.0671000174473397,11194.221779860372,8588.22673472455,51534.654371107725,7.392521163581564,0.8885285236397883
2000-12-01,1013973.064545065,17.48229421629423,5799999.999999999,592682.8345835158,57.52144900761654,34091.97544718533,11749.42747486615,6873.686686661853,5488.362636378444,40965.66213384718,4.040113447414608,0.7063045195490893,6198.914191796062,4990.799902580119,40290.88963898139,3.973566068745478,0.6946705110169206
2001-01-01,1181522.835803509,20.37108337592258,5799999.999999997,615940.3559883109,67.81880511248214,41772.33896368413,11749.42747486615,9623.071179024375,7764.899356549786,51395.410142708504,4.349929479590331,0.8861277610811811,9169.962147144373,7383.419815205292,50942.301110828506,4.311579900712167,0.8783155363935949
2001-02-01,1173695.910600942,20.23613638967141,5800000.000000001,614892.1534579576,100.10723654306739,61555.15425469185,10754.33383360344,13053.565712363677,10532.35536870281,74608.71996705553,6.356733400294054,1.2863572408113022,12464.127108663113,10029.946165962268,74019.28136335497,6.306512674603806,1.2761945062647408
2001-03-01,1006259.78622219,17.34930665900328,5799999.999999999,591567.4924080461,188.57278121581083,111553.52732024832,19451.97930605862,24264.523184763046,19576.114870321984,135818.05050501137,13.497314745619944,2.341690525948472,26332.342899710144,20616.523522725853,137885.87021995848,13.702810358508374,2.377342589999284
2001-04-01,758863.8384220883,13.08385928313946,5799999.999999997,553201.3240237564,278.1393347979798,153867.0482733293,19170.12006753335,631.4789787244085,486.6642726701585,154498.52725205373,20.359189544899618,2.6637677112423055,9352.525185603,5862.549356228933,163219.5734589323,21.50841365669974,2.814130576878143
2001-05-01,508891.7156856015,8.773995098027612,5800000.0,507346.5118595809,369.2448191069688,187335.07099614255,19809.12406978446,1066.9921528198552,827.6832718475807,188402.0631489624,37.02203383192017,3.2483114336028,15676.84232454023,9851.138876172,203011.91332068277,39.89294914089456,3.5002054020807374
2001-06-01,349184.1161160052,6.020415795103538,5800000.0,471755.7492371284,395.8782749363126,186757.85219928206,93858.6645119778,77972.98275256853,55432.094238066784,264730.8349518506,75.81411144827167,4.564324740549148,79749.67867880898,56483.21027297943,266507.53087809106,76.3229249492988,4.594957428932604
2001-07-01,338781.0159770525,5.841051999604353,5800000.0,469177.8791629134,378.21611158543254,177450.63309889706,96845.1347499683,143928.8766037948,102211.47361559655,321379.50970269187,94.86349427692274,5.541026029356757,130347.24132137788,93739.48952271162,307797.8744202749,90.8545225099401,5.306859903797843
2001-08-01,506330.7872354966,8.7298411592327,5800000.0,506824.1322482467,304.47259149531857,154314.05697798973,69326.06770245545,73849.0947091522,52454.267899192375,228163.15168714192,45.06207353751575,3.933847442881757,76227.09230523967,53874.99102238466,230541.1492832294,45.531726510638535,3.9748474014349897
2001-09-01,825761.232860969,14.23726263553395,5799999.999999999,564126.0814726867,205.57895725525734,115972.4515896493,27295.54958247734,22320.405998860522,13955.66854326754,138292.85758850983,16.7473177578674,2.384359613594997,24186.536448094077,15223.994356122299,140158.98803774337,16.97330686645852,2.416534276512817
2001-10-01,1230303.851780562,21.21213537552693,5800000.0,622396.4381628339,127.30806794121709,79236.08803600559,36132.15262078054,55541.54041601061,37015.593477216964,134777.62845201622,10.954824554678812,2.3237522146899345,34594.09478542474,24305.316483405823,113830.18282143032,9.252200800370506,1.962589358990178
2001-11-01,1655810.536058144,28.54845751824387,5799999.999999998,674015.2962639295,72.74911705986081,49034.01768804137,20349.08948615296,23371.731471107007,15922.237092234955,72405.74915914837,4.372828145635488,1.248374985502558,14406.774159197861,10442.062046372354,63440.791847239234,3.8314040444668063,1.0938067559868834
2001-12-01,1992308.771268056,34.35015122875959,5799999.999999998,710263.0144442976,56.67701607256999,40255.58828541147,11776.10466902473,7036.255847016855,5635.761915099041,47291.84413242832,2.373720620741343,0.815376622972902,6595.9946998683445,5293.863670850912,46851.58298527981,2.35162258285195,0.8077859135393071
2002-01-01,2183990.101301818,37.65500174658306,5800000.000000002,729545.7001976124,71.44267276949921,52120.6947296132,11776.10466902473,10047.894800336799,8057.583830884636,62168.58952995,2.846560041315799,1.071872233275,9478.664901814314,7607.427371629243,61599.35963142751,2.82049628314294,1.0620579246797848
2002-02-01,2204499.39193131,38.00861020571224,5800000.0,731557.864032148,100.22740352677394,73322.14524153492,10778.42936381119,14906.953518652257,11958.154661699193,88229.09876018717,4.002228310114967,1.5211913579342617,14119.37264836664,11326.92859499104,87441.51788990156,3.966502245813555,1.507612377412096
2002-03-01,2066502.059922507,35.62934586073288,5800000.0,717832.2566743635,185.48205663639902,133145.00328790842,22624.41933691034,31576.88541326966,23741.643076135566,164721.88870117808,7.971048850895173,2.840032563813415,22732.09018236365,17768.182623009077,155877.09347027206,7.5430407979422665,2.6875360943150355
2002-04-01,1853185.996308178,31.95148269496859,5799999.999999999,695679.4980856932,279.19449208026856,194229.8841186913,30105.55192993936,25003.588362091738,16835.67472137411,219233.47248078304,11.830084671345928,3.779887456565225,15164.549236221728,10487.843488333332,209394.43335491302,11.299159057539711,3.6102488509467765
2002-05-01,1636447.503328313,28.21461212635023,5799999.999999998,671821.9996438029,357.61259496069897,240252.00864430613,50259.93379052491,58584.432590555334,41264.41944060727,298836.44123486144,18.261291036044145,5.1523524350838175,43457.07337686973,31671.61783266923,283709.0820211759,17.336888683819677,4.891535896916825
2002-06-01,1508717.459416119,26.01236998993308,5800000.000000001,657016.2642663105,381.8852967681303,250904.85106082828,48665.40115831194,40515.708381157034,32017.85227732712,291420.55944198533,19.315780938517577,5.024492404172161,58725.2451913563,42434.30723930317,309630.0962521846,20.52273567325276,5.338449935382493
2002-07-01,1525804.320680076,26.3069710462082,5800000.000000002,659032.2522092133,379.1862256528562,249895.9522987128,50287.58119692234,47504.849039781475,37262.714204398915,297400.8013384943,19.49141166450085,5.127600023077488,77136.75987108753,55807.56500042544,327032.7121698003,21.43346350101017,5.63849503741035
2002-08-01,1717485.650713837,29.61182156403166,5800000.000000003,680917.2162868924,308.9979698236253,210402.0374506041,48763.93860322746,33783.649864537925,24766.890922738985,244185.68731514204,14.217626051993586,4.210098057157621,63447.436860565795,45847.43171702983,273849.47431116994,15.944789652091133,4.721542660537413
2002-09-01,2057406.315289285,35.47252267740146,5800000.000000001,716911.6946300105,209.93411400352332,150504.22143091573,55050.20811714241,50935.63926621081,33341.16048150763,201439.86069712654,9.790961522775474,3.473101046502182,52758.778732934035,37179.92197585225,203263.00016384976,9.879575009240197,3.504534485583617
2002-10-01,2479490.570201331,42.74983741726432,5800000.000000001,757683.5187600654,128.38725421580043,97276.9065381707,55024.30609602348,59978.087488528574,39960.93667165866,157254.99402669928,6.342229969196068,2.711293000460332,42063.65066448442,30204.668247179252,139340.55720265512,5.61972523216093,2.402423400045778
2002-11-01,2726224.806233414,47.00387596954162,5800000.0,779915.609509374,74.17768840740709,57852.33706625932,31902.67654096332,25685.837501620037,17494.163533072835,83538.17456787935,3.0642437988559252,1.4403133546186095,15962.351417286427,11711.072914084712,73814.68848354575,2.7075789316703136,1.2726670428197542
2002-12-01,2886991.545171826,49.77571629606597,5799999.999999999,793863.3513946172,59.02179329540553,46855.238630810985,16808.31870279388,13535.096644085572,10037.552591038717,60390.335274896555,2.0918085255875694,1.041212677153389,9195.59418687365,7114.940684009237,56050.83281768463,1.941496257979122,0.9663936692704248
2003-01-01,2891433.845341343,49.85230767829901,5800000.000000001,794243.166491622,71.5869579992217,56857.45220080459,16808.31870279388,9189.915836374763,7431.765152852856,66047.36803717935,2.28424275186494,1.1387477247789541,10772.835170775405,8343.102407078408,67630.28737158,2.3389878859080735,1.1660394374410343
2003-02-01,2718506.13819524,46.87079548612483,5800000.0,779235.7435354876,102.04853141314095,79519.86325242344,15323.65494269945,14473.848851480923,11707.439451615439,93993.71210390437,3.4575501148695165,1.6205812431707651,17163.811769039443,13262.086531679706,96683.67502146288,3.5565001551053763,1.6669599141631533
2003-03-01,2400124.018536797,41.38144859546201,5800000.0,750298.8986415177,179.95552963454907,135020.43568925315,31772.69901571055,23558.967020123273,18740.565573918597,158579.40270937642,6.607133693285242,2.7341276329202833,31431.16513967298,23537.08173654015,166451.60082892614,6.935124999515696,2.8698551867056232
2003-04-01,1984904.375528128,34.22248923324359,5799999.999999999,709499.9355835036,276.2643722919069,196009.554345125,31698.17711306638,17962.697192721265,13663.531022678097,213972.25153784628,10.779977825426185,3.689176750652522,23924.92003146085,15472.321897313319,219934.47437658586,11.08035616668271,3.791973696148032
2003-05-01,1572402.239083598,27.11038343247583,5799999.999999999,664473.4267667967,367.17460403670464,243977.76736601087,31741.2715925759,33520.435943070144,25828.250220018872,277498.20330908103,17.648041729500974,4.784451781191053,31852.303530620295,20694.683051334363,275830.07089663116,17.54195358163481,4.7556908775281235
2003-06-01,1245867.599732738,21.48047585746101,5799999.999999997,624429.2398991787,390.8179712566697,244038.16873074134,73839.16030266056,50081.6014056463,39060.73560666432,294119.77013638767,23.607626540691957,5.071030519592891,72677.85668042644,51544.579548644644,316716.02541116776,25.42132289812411,5.460621127778754
2003-07-01,1075657.399150775,18.5458172267375,5800000.0,601453.9839030391,382.50689288321706,230060.29459498395,74357.81195265193,55877.71683093866,43401.71956864483,285938.0114259226,26.582628600116443,4.929965714240045,105208.98218970757,76837.76273515509,335269.2767846915,31.16877892992551,5.780504772149854
2003-08-01,1080099.699320292,18.62240860897055,5800000.000000002,602075.8219122407,312.56469656283474,188187.64658381886,55625.249477715,41345.39714621648,32039.29062425831,229533.04373003534,21.25109782684698,3.957466271207506,64683.29370699537,46191.5671264654,252870.94029081424,23.411814710248155,4.3598437981174865
2003-09-01,1238148.931694565,21.34739537404423,5799999.999999999,623422.6914315331,210.5206665340313,131243.36053260608,31061.80245574018,42187.72647524142,28206.492216761544,173431.0870078475,14.007288022329018,2.9901911553077154,30621.183561725986,19598.659924181582,161864.54409433206,13.073107761987869,2.790768001626415
2003-10-01,1487600.674290787,25.64828748777219,5799999.999999999,654508.9684198182,127.00004209933455,83122.66654370894,37566.40068741694,58136.89782839859,39241.93066790085,141259.56437210753,9.495798624819324,2.4355097305535782,29597.50076928513,21022.94753867376,112720.16731299408,7.577313539921147,1.9434511605688634
2003-11-01,1766773.530588299,30.46161259634998,5800000.000000001,686344.2787490387,78.8341171470549,54107.34527411262,19100.80926568909,25396.34645377305,17446.37240425484,79503.69172788567,4.499936768999057,1.370753305653201,12674.979827203699,9394.1788219401,66782.32510131631,3.779902966911621,1.151419398298557
2003-12-01,1965935.016300385,33.89543131552388,5800000.0,707538.4809389992,59.298967609859154,41956.301463930664,12247.77578723919,8780.138269274605,6763.964671624924,50736.43973320527,2.5807790853984667,0.8747662022966426,7190.983418059559,5744.033424167052,49147.28488199022,2.4999445289131956,0.8473669807239692
2004-01-01,2024565.632755704,34.90630401302937,5800000.000000001,713570.9004074682,68.30020404311796,48737.03809706148,12247.77578723919,10468.976111173208,8082.041931442811,59206.01420823469,2.9243810746529073,1.0207933484178395,8658.411925268769,6916.179716720528,57395.450022330246,2.8349513146781704,0.9895767245229353
2004-02-01,1921748.124431495,33.13358835226715,5800000.000000002,702932.4793636138,103.39369016803418,72678.78298036956,11614.5238398699,17098.028307481618,13133.539612381966,89776.81128785119,4.671622162473013,1.5478760566870895,13847.786714887037,11055.988188119207,86526.5696952566,4.502492735402227,1.4918374085389072
2004-03-01,1680537.82226353,28.97479003902638,5799999.999999999,676797.6528472932,195.8313108302022,132538.17152388956,21834.35640973416,41272.620556354625,30933.837968665826,173810.79208024417,10.342569490410932,2.996737794486968,26864.041557109365,20780.254525114033,159402.21308099892,9.485190453273988,2.7483140186379122
2004-04-01,1357178.074097128,23.39962196719186,5800000.000000001,638612.0902142157,282.3546934295615,180315.12095284634,38747.20945359192,36638.22650826924,25772.6881470824,216953.34746111557,15.98562131247554,3.7405749562261303,18104.838394269325,12589.064088510939,198419.95934711565,14.62003867687856,3.4210337818468215
2004-05-01,1034531.017735063,17.83674168508729,5800000.000000001,595634.9679197773,371.46165044799267,221255.54824801764,40898.71728258343,61680.40352022837,44094.92228756846,282935.951768246,27.349199484389374,4.878206064969759,31898.62031994222,22824.333863714055,253154.16856795986,24.47042807108864,4.3647270442751696
2004-06-01,791895.3319584238,13.65336779238662,5799999.999999999,558653.2469981663,392.16704098081885,219085.3908095974,46212.93770931861,69880.86424258747,49485.99910270255,288966.25505218486,36.49046072004832,4.982176811244567,56690.42627439913,40508.662636877525,275775.8170839965,34.824781250064916,4.754755466965457
2004-07-01,689790.5154385522,11.89293992135435,5800000.0,541402.9942122432,383.90183316513696,207845.60195917424,47631.78151175044,84794.61507924761,58481.52899650685,292640.21703842183,42.424505772215234,5.045520983421066,73733.5824475325,52035.589205055614,281579.1844067067,40.82097073017675,4.854813524253564
2004-08-01,748421.1318938708,12.90381261885984,5800000.000000001,551453.1404306043,303.76267684858396,167510.88209375847,45062.72975459557,27335.344532169547,17603.56929084168,194846.22662592801,26.03430319142272,3.3594177004470347,52298.63295807159,36734.00096819645,219809.51505183007,29.369763317025097,3.789819225031553
2004-09-01,946869.9258016194,16.32534354830378,5800000.000000001,582832.4298709193,206.8952356919269,120585.2529470423,29710.52036977937,49225.040319966494,30874.43326878872,169810.2932670088,17.933856450583484,2.9277636770173925,26912.60338598054,17486.296048309676,147497.85633302285,15.577414839546336,2.543066488500394
2004-10-01,1226755.473903469,21.15095644661153,5800000.000000002,621931.1830009583,123.90644590547372,77061.28248343551,38308.86920562995,67983.26203504563,44810.01441578376,145044.54451848113,11.82342753743395,2.5007680089393296,33286.77353699753,23531.815053125436,110348.05602043304,8.99511421533026,1.9025526900074663
2004-11-01,1648985.536419729,28.43078511068499,5799999.999999998,673243.6831914994,74.05644942195796,49858.03677292397,26014.08797694252,32507.040292247133,21627.687217578303,82365.0770651711,4.99489384509714,1.4200875356063984,15263.417601845771,11192.2168237724,65121.454374769746,3.9491828725290823,1.12278369611672
2004-12-01,1975697.996111918,34.06375855365375,5800000.000000002,708549.1609499443,57.334772599876416,40624.50501889829,18516.7359178406,16968.805580420252,11825.83167951664,57593.310599318545,2.915086754790434,0.9929881137813542,8645.154610736585,6837.125960559482,49269.65962963488,2.493784967469486,0.8494768901661186
2005-01-01,2143557.140240339,36.95788172828171,5800000.0,725550.9610711511,68.20230447591402,49484.247559766685,18516.7359178406,18138.742298024157,12811.505717587628,67622.98985779085,3.154708992278547,1.1659136182377732,10256.38766950513,8118.240580507165,59740.635229271815,2.786985898709171,1.0300109522288246
2005-02-01,2125203.848140906,36.64144565760182,5800000.000000001,723725.2455568926,98.73549855437173,71457.3729364449,16866.74145951585,28302.38934562878,20057.31840237462,99759.76228207367,4.694126747857242,1.7199959014150632,16779.21155451127,13253.967614814042,88236.58449095616,4.151911571595548,1.521320422257865
2005-03-01,1938351.701637126,33.41985692477804,5799999.999999999,704669.3698952422,178.97806595163055,126120.36095920458,30193.41386044612,43559.94344497506,30714.260684737998,169680.30440417965,8.753845045812282,2.925522489727235,28870.407884370947,22291.481177157126,154990.76884357553,7.996008604252303,2.672254635234061
2005-04-01,1665627.491149854,28.71771536465266,5799999.999999999,675122.3870776016,271.4234970752968,183244.07925442478,34030.65837602311,39300.25602124109,25901.47305246029,222544.33527566586,13.360990765230104,3.8369712978563077,25777.094669961112,17894.307228629084,209021.1739243859,12.549094862746871,3.603813343523895
2005-05-01,1390491.895952438,23.97399820607651,5800000.000000002,642742.747858762,360.042978745881,231415.0135063814,40747.82260242318,45940.89427533234,32710.31925104145,277355.90778171376,19.946603686728768,4.781998410029548,44400.39098851484,31035.995526756655,275815.40449489624,19.835815318144835,4.7554380085326935
2005-06-01,1210873.903579093,20.87713626860505,5800000.000000001,619840.5348234723,396.5491545079872,245797.24001402652,82167.9945976371,43489.0814729937,33742.21079111893,289286.32148702024,23.89070576481578,4.987695198052073,81182.72302198331,57897.109355767316,326979.9630360098,27.0036344882423,5.637585569586376
2005-07-01,1190109.226769515,20.5191245994744,5800000.0,617086.282480691,396.8528218079093,244892.43250141485,81271.97148081867,58466.91491955575,44809.88260899967,303359.3474209706,25.49004247655676,5.230333576223631,119185.50622955305,85480.98050087379,364077.93873096793,30.591976815374935,6.277205840189103
2005-08-01,1357968.370897936,23.41324777410235,5799999.999999998,638710.6642742467,314.39127576273404,200805.0605844437,60669.04359645239,47704.50559968079,36309.94067374063,248509.5661841245,18.300099730585135,4.284647692829733,74923.88168661999,53052.983463163284,275728.9422710637,20.304518734021922,4.753947280535581
2005-09-01,1687092.21530027,29.08779681552189,5800000.0,677531.7263437038,207.3142517324423,140461.98287193483,37486.24709866406,27150.502754499143,19575.243874404507,167612.48562643398,9.934992533683298,2.8898704418350687,32781.38501316112,21985.449593800106,173243.36788509594,10.26875509909587,2.9869546187085505
2005-10-01,2106910.893106385,36.32604988114457,5800000.000000001,721897.6705524793,133.28550678661253,96218.49686766225,49167.50854901336,35543.019402871934,26424.443908765526,131761.5162705342,6.253777352504347,2.271750280526452,43744.306537174474,31095.708058863947,139962.80340483674,6.643033830371371,2.413151782842013
2005-11-01,2325822.535587399,40.10038854461033,5799999.999999999,743274.0730841254,74.43214513373572,55323.48368194052,28361.81174790865,15625.548230279628,11775.464484079404,70949.03191222015,3.0504920657801433,1.2232591709003473,18342.424422279742,13320.576774498382,73665.90810422026,3.1673056296023696,1.2701018638658665
2005-12-01,2467664.421043578,42.54593829385479,5800000.000000001,756590.7331953732,58.58431130777166,44324.34704609295,15300.37474842033,6271.01681742247,5059.183725151486,50595.36386351542,2.0503340499644835,0.872333859715783,7833.6874150848935,6011.1204149758805,52158.03446117785,2.1136599456712255,0.8992764562272043
2006-01-01,2469132.665855974,42.57125285958577,5799999.999999999,756726.5473037125,69.9260370232795,52914.88856325786,15300.37474842033,9548.142557305757,7703.377523223526,62463.03112056362,2.5297559740035096,1.0769488124235107,11936.075492907246,9159.31615326964,64850.9640561651,2.62646738075061,1.1181200699338811
2006-02-01,2311421.295804539,39.85209130697481,5800000.0,741899.5897307177,99.82230858169913,74058.12978273569,13961.64104842657,13899.059878291133,11212.745809078331,87957.18966102682,3.8053292067819013,1.516503270017704,17355.958407320468,13316.05437266454,91414.08819005615,3.9548864742218077,1.5761049687940718
2006-03-01,2023416.486737646,34.88649115064907,5799999.999999999,713453.5120641503,184.85030177136932,131882.09700490147,33783.09255329701,21308.698731909775,17188.05834063913,153190.79573681124,7.570897872034281,2.641220616151918,34318.72490586029,25368.026996738306,166200.82191076176,8.213871093772065,2.865531412254513
2006-04-01,1648261.719017593,28.41830550030333,5799999.999999999,673161.7570859671,280.10087266146087,188553.19560210174,39126.7471765294,1031.7633846079648,802.1312895954414,189584.9589867097,11.502115034237846,3.2687061894260294,27134.186748079665,17996.47592579523,215687.3823501814,13.085748450114872,3.718747971554852
2006-05-01,1275627.001704622,21.99356899490728,5799999.999999999,628281.1113589171,367.1093916325146,230647.8965651722,36849.80016857671,1717.9280079547616,1371.7078233034044,232365.82457312697,18.215812636657596,4.006307320226327,29583.604637290387,19977.757273436648,260231.5012024626,20.40028165401915,4.486750020732114
2006-06-01,980062.0414164854,16.89762140373251,5799999.999999999,587747.0154116099,397.25275773948044,233484.12272541094,38204.87793975018,55349.46338363167,41621.71168959076,288833.58610904263,29.47094917497171,4.979889415673148,48158.715018488794,33153.53284257203,281642.8377438997,28.737245790770633,4.855910995584478
2006-07-01,824870.7217721313,14.22190899607123,5799999.999999999,563983.6246450697,386.12019892099016,217765.46933613534,39478.37387107518,104740.85172405948,78674.55272662408,322506.3210601948,39.09780194008225,5.560453811382669,61063.97269391401,41760.3214483514,278829.44203004934,33.8028050542295,4.807404172931885
2006-08-01,826338.9665845277,14.2472235618022,5800000.000000001,564218.4616048447,308.5216637148741,174073.6184729735,37274.15075379123,73188.00714048033,51908.492891714865,247261.62561345383,29.922542154274772,4.263131476094031,44412.413938067795,29970.74735114135,218486.0324110413,26.440243198756615,3.767000558811057
2006-09-01,965660.8016336258,16.649324166097,5799999.999999999,585625.0836566621,210.53978525658283,123297.37935394201,23574.13977342047,56445.50966623343,35172.15455020157,179742.88902017544,18.613460204256107,3.0990153279340595,18998.792341412205,11871.428739865529,142296.17169535422,14.735626780607562,2.4533822706095556
2006-10-01,1187092.494521721,20.46711197451242,5800000.000000004,616684.1465484353,131.9501988541545,81371.5957672706,30308.05861476466,79407.16644395325,51418.33780767874,160778.76221122383,13.543911949001204,2.7720476243314454,24746.843101172897,17958.3639070815,106118.4388684435,8.939357241172564,1.8296282563524742
2006-11-01,1499789.293011573,25.85843608640643,5799999.999999999,655958.3357970305,73.55142152579182,48246.66805956428,22965.59104490613,32567.81144316557,21247.49939936757,80814.47950272985,5.388388880977714,1.3933530948746526,10404.302897512147,7857.783949269372,58650.97095707643,3.9106140596126964,1.0112236371909729
2006-12-01,1722342.83944792,29.69556619737794,5799999.999999999,681455.4683933,59.22840957942946,40361.523592140315,20095.941671403,18421.350787390613,12503.47066156521,58782.87437953093,3.4129601280993045,1.0134978341298437,8252.37835690235,6479.503728613284,48613.901949042665,2.8225450145933415,0.8381707232593564
2007-01-01,1786386.881070265,30.79977381155629,5800000.000000001,688482.8074402082,73.1856379189116,50387.05345871481,20095.941671403,15043.799932113003,11325.035773398591,65430.85339082781,3.6627482033246177,1.1281181619108243,13269.298154592281,10416.532319387858,63656.35161330709,3.5634135185301585,1.0975233036777086
2007-02-01,1668404.471223522,28.76559433144003,5800000.000000001,675434.9640404528,98.711202762018,66672.99768795348,18293.12084983028,20082.10121573208,15156.738403431718,86755.09890368556,5.199884104845622,1.4957775673049236,18427.838931989987,14467.768589034,85100.83661994347,5.100731752267176,1.4672558037921288
2007-03-01,1395392.45128693,24.05849053942983,5799999.999999999,643346.186294833,187.72690519087035,120773.38851947812,33925.10956838495,36533.34771208787,27560.247559435382,157306.736231566,11.273297063237411,2.712185107440793,39560.984717725994,30196.52733454034,160334.3732372041,11.490270933408905,2.764385745469036
2007-04-01,1028757.28457268,17.73719456159792,5800000.000000003,594808.8420516418,271.26055274263456,161348.17527113477,48019.72319896836,15909.08634444776,10722.653462331626,177257.26161558254,17.230231491309514,3.0561596830272855,31868.30856770942,22849.633617891697,193216.48383884417,18.78154222928312,3.331318686876624
2007-05-01,662992.0915394673,11.43089812999082,5799999.999999997,536667.2787627284,366.6653877853202,196777.31587922835,52499.29434656572,27262.26436021185,19473.991830197567,224039.5802394402,33.792194974636935,3.8627513834386242,48244.73883238395,35035.77010869157,245022.0547116123,36.957010172273876,4.22451818468297
2007-06-01,387370.15055976,6.678795699306207,5800000.0,480903.5625038943,385.0818847907166,185187.2502515698,69818.52404200574,36141.254452047404,26274.099781246012,221328.50470361722,57.13617953881881,3.8160087017865036,80579.9467267361,59174.76205307047,265767.19697830593,68.60807333612706,4.582193051350103
2007-07-01,290000.0,5.0,5800000.0,456524.7584249853,388.50871861114405,177363.8489099531,68818.15839571737,58227.64995211374,41797.50691414796,235591.49886206686,81.23844788347134,4.061922394173567,103771.80854538377,75405.11598312834,281135.6574553369,96.94333015701272,4.847166507850636
2007-08-01,334301.7560164001,5.763823379593106,5800000.0,468055.7483694212,311.93747594688176,146004.12874878608,59198.43394823156,46231.957596949396,32818.77067898601,192236.08634573547,57.50376206109573,3.3144152818230257,68252.58335247838,48386.76903525287,214256.71210126445,64.09081264016856,3.694081243125249
2007-09-01,555985.328771709,9.58595394433981,5800000.0,516728.342233463,216.54776609159674,111896.36818687049,29966.81989777085,32304.98357431063,20984.49868318103,144201.3517611811,25.936179301664826,2.4862302027789847,27188.492951791573,17354.337080205216,139084.86113866206,25.015922892413435,2.3980148472183114
2007-10-01,869552.1009425998,14.99227760245862,5799999.999999999,571039.0382436581,131.95854617474788,75353.4812956594,29634.72022781766,40842.927148462215,27564.401717355995,116196.40844412161,13.362788534253898,2.0033863524848554,25869.601063398535,18475.094135614963,101223.08235905794,11.640830060594586,1.7452255579147922
2007-11-01,1225950.24430822,21.13707317772793,5800000.0,621825.5095092165,74.64264863389118,46414.70301788681,17350.02081371088,18481.65556027156,12896.873253552489,64896.35857815837,5.293555662593642,1.1189027341061788,11085.129071449512,8260.761801430286,57499.83208933632,4.690225590825863,0.9913764153333848
2007-12-01,1493321.476160794,25.74692200277231,5800000.0,655189.9742582613,58.49301261497616,38324.03542949438,11868.83637833458,6750.368993801042,5419.332515775464,45074.404423295426,3.018399262506958,0.7771449038499212,5697.65729955348,4604.135318902762,44021.69272904786,2.947904616106104,0.7589947022249631
2008-01-01,1608912.74664444,27.73987494214551,5800000.000000002,668680.6032550575,68.83470292396662,46028.43067608067,11868.83637833458,10379.422274671679,8335.261610412937,56407.85295075235,3.505960970748536,0.972549188806075,8817.42475878003,7124.41724887288,54845.8554348607,3.408876929420045,0.9456181971527706
2008-02-01,1548221.1513667,26.69346812701207,5799999.999999999,661660.0528429414,106.3921539537602,70395.43820711932,11260.03213476558,14686.738288689567,11787.016881680289,85082.17649580889,5.495479532798152,1.4669340775139463,12331.206392562855,9960.817079014381,82726.64459968219,5.343335125389213,1.4263214586152102
2008-03-01,1333093.158822972,22.98436480729262,5800000.000000001,635594.0815266769,193.54992914151666,123019.18944225568,25822.06121556438,29689.46983949348,23763.949453936457,152708.65928174916,11.455212883740264,2.6329079186508477,29804.57887305435,23481.240809750176,152823.76831531004,11.46384761663939,2.634892557160518
2008-04-01,1031594.690663258,17.78611535626307,5799999.999999999,595215.1168989979,283.9786696107807,169028.39702920272,36707.83431082962,14078.290420755962,11018.438818407449,183106.6874499587,17.749867182064623,3.157011852585495,23671.669522397242,17256.219155834024,192700.06655159997,18.679823412788657,3.3224149405448276
2008-05-01,729210.7438711912,12.57259903226192,5799999.999999999,548205.0266575667,373.1607396240439,204568.59321315627,45989.02275782735,34619.020071235944,27334.997962970083,239187.61328439222,32.800889906614245,4.12392436697228,42936.871894419135,31788.361998354085,247505.4651075754,33.94155491917644,4.267335605303024
2008-06-01,515853.7085921698,8.894029458485686,5800000.0,508760.016158698,399.38277504668264,203189.98708625592,67138.78444242617,67270.63623331222,49575.05526029494,270460.6233195681,52.4297138538927,4.663114195164967,75223.16455041168,53523.681296606905,278413.1516366676,53.971338579011565,4.8002267523563384
2008-07-01,454276.634682077,7.832355770380637,5800000.0,495904.42382668424,392.9931036812599,194887.0186489156,69140.60057838583,96763.61295043523,69199.15538585959,291650.63159935083,64.20110772447298,5.028459165506049,100655.87963453324,70198.60056776312,295542.8982834488,65.05791311285091,5.0955672117836
2008-08-01,569867.9051657228,9.825308709753843,5800000.0,519417.43932010926,309.0936514450207,160548.63294367504,50688.13713889169,65290.894813721905,47412.11459163534,225839.52775739695,39.63015388482367,3.8937849613344304,61542.10603224796,42408.472908039854,222090.73897592298,38.97231919234633,3.829150671998672
2008-09-01,838124.6156506501,14.45042440776983,5800000.0,566095.9969598794,202.09861469609086,114407.2167705941,42623.98270258882,64859.16841266395,43525.331190811616,179266.38518325804,21.388989397965666,3.090799744538932,34766.99466005502,23969.2196995021,149174.2114306491,17.798571792912046,2.5719691625973984
2008-10-01,1193637.280383917,20.57995311006753,5800000.000000001,617555.9324580962,130.33522973096814,80489.29432864822,52251.29618453187,78823.24213250131,52450.96974085544,159312.53646114952,13.346813062835036,2.746767870019819,41293.33627056274,29514.664183968005,121782.63059921096,10.202649716171837,2.0997005275726024
2008-11-01,1674575.327398862,28.87198840342865,5800000.000000001,676128.6258406829,73.76585988708625,49875.209479411984,28955.83222170855,36412.205029133154,24260.182564352246,86287.41450854513,5.152793851476148,1.4877140432507783,16402.1285787895,11949.112792254426,66277.33805820148,3.9578594628616,1.1427127251414049
2008-12-01,2064445.431997501,35.5938867585776,5800000.000000001,717624.2870296581,58.12334936291853,41710.72714634014,13319.84650206395,20170.529039302535,13881.753105311584,61881.25618564268,2.9974759916888702,1.0669182100972876,7965.188075437593,6265.901925976607,49675.91522177774,2.4062595432087868,0.8564812969272023
2009-01-01,2310715.210071865,39.83991741503216,5799999.999999999,741832.0895245812,72.8422071976707,54036.686771030545,13319.84650206395,18399.785910284907,12887.305871046174,72436.47268131546,3.134807455526405,1.2489047014019907,8919.210191176153,7016.765785890433,62955.896962206694,2.7245199532939726,1.0854464993483914
2009-02-01,2385195.892357489,41.12406710961187,5800000.000000001,748896.345314927,99.99650139531572,74887.01443923094,12172.77682591113,32587.64522545589,22892.230539454482,107474.65966468683,4.505904945126356,1.8530113735290832,16159.734434654003,12705.353218124023,91046.74887388495,3.817160224265514,1.5697715323083614
2009-03-01,2295382.670031098,39.57556327639823,5800000.000000002,740363.7814970156,183.0789764424746,135545.04331155354,43306.58761223853,54187.367859303005,38388.067600300164,189732.41117085656,8.265829207828169,3.2712484684630443,38467.73281243838,28800.686997892117,174012.77612399193,7.580991979940077,3.000220277999861
2009-04-01,2135195.083376141,36.8137083340714,5799999.999999999,724720.1088210327,268.6833615089622,194720.23499117597,58067.38440898048,40805.18855906945,26746.16559625263,235525.4235502454,11.030627851476499,4.060783164659404,32465.321434007594,22613.26405181227,227185.55642518355,10.640037446412668,3.916992352158337
2009-05-01,1969834.10219925,33.96265693446982,5800000.000000001,707942.4211563467,362.9053076413179,256916.06214208342,58821.75129842736,45818.47640986853,32037.233998161206,302734.53855195193,15.368529675365025,5.219561009516413,59187.42204112575,42116.76225615148,316103.4841832092,16.04721351053324,5.450060072124296
2009-06-01,1895541.063438664,32.68174247308041,5800000.0,700175.6340884513,390.7648481424179,273604.02532759483,48130.03541625816,54711.91718398696,41112.48577099029,328315.9425115818,17.320434193917713,5.660619698475548,64599.278066038045,47051.811737900694,338203.3033936329,17.842045731264975,5.8310914378212555
2009-07-01,1964848.351202352,33.87669571038538,5800000.0,707425.8324908821,391.46356073165305,276931.43534043466,49592.21801772468,74437.3857752659,55833.512233714464,351368.8211157005,17.882745042419533,6.058083122684492,75392.0307457567,53982.50880556008,352323.46608619136,17.931331233303254,6.074542518727438
2009-08-01,2211118.129276718,38.12272636683996,5800000.0,732205.2281006279,311.66003399016233,228199.10627761626,33953.20741035734,28047.43071327581,20552.516938410306,256246.53699089208,11.589002577384377,4.418043741222277,41412.976761579775,28279.775570188598,269612.08303919603,12.19347259060235,4.648484190330966
2009-09-01,2606161.628397291,44.93382117926364,5800000.0,769228.8607688063,208.24961804659367,160191.61644552028,26614.68347863201,11700.0600029028,7795.429476776964,171891.67644842307,6.595587724700373,2.963649593938329,23439.644417674106,14963.568294691566,183631.2608631944,7.046042688308704,3.1660562217792134
2009-10-01,3081926.280890301,53.13666001535002,5800000.0,810264.2786588289,133.62013252314082,108267.62029315982,32496.73554835025,28919.35967956993,20731.215402287293,137186.97997272975,4.451338788450821,2.365292758150513,29586.69807327291,21017.716975575564,137854.31836643274,4.472992077104766,2.376798592524702
2009-11-01,3225463.82494274,55.61144525763345,5800000.0,822011.5724410752,76.32180718385148,62737.408734742305,18896.26058313945,14541.447272850175,10649.58413331232,77278.85600759248,2.395899014894838,1.332394069096422,13111.77303150141,9671.333453981084,75849.18176624371,2.3515744055070966,1.3077445132110983
2009-12-01,3293324.027242726,56.78144874556424,5800000.0,827474.2636880635,59.34488949415379,49106.36873782441,12306.09079201542,7749.419627646074,6093.562804402935,56855.78836547048,1.7263952133210507,0.9802722131977669,6697.778830465484,5355.251553253155,55804.14756828989,1.6944627102183707,0.962140475315343
2010-01-01,3216191.042810449,55.45156970362844,5800000.0,821260.6752362768,70.67647765505838,58043.81176231488,12306.09079201542,9426.635673934737,7563.138874085016,67470.44743624961,2.0978370543962144,1.1632835764870622,9104.688150968053,7279.372114240107,67148.49991328293,2.0878268429790046,1.1577327571255678
2010-02-01,2977516.019794286,51.33648309990147,5800000.000000001,801546.375911059,99.91388817037713,80085.61496614861,11257.12650715762,14893.793753302876,11955.227134802786,94979.40871945149,3.189887412461798,1.637576012404336,14450.844647602285,11549.277670547786,94536.45961375089,3.175010948229334,1.629938958857774
2010-03-01,2614222.520203822,45.0728020724797,5799999.999999998,769953.9659957669,187.35960239244324,144258.26892945165,28210.30145107258,27251.808734101432,21135.157489109537,171510.07766355306,6.560653362062729,2.9570703045440183,29170.831515826387,22148.376839939963,173429.10044527805,6.634060379517976,2.990156904228932
2010-04-01,2154876.968702943,37.1530511845335,5800000.0,726673.1193832278,275.0036394168296,199837.75249676796,28630.45345739854,16795.738989776764,11975.03949094564,216633.49148654472,10.053172159380408,3.7350601980438745,17339.56630860703,11153.199088458307,217177.318805375,10.078409206633161,3.744436531127155
2010-05-01,1700625.094741555,29.32112232313025,5800000.000000002,679042.8727510099,370.53505992915757,251609.1915492628,28706.23895861007,31598.229285985886,23170.14458270048,283207.42083524866,16.653136644340055,4.882886566124977,28413.30366007865,18232.20154744009,280022.49520934146,16.46585694137935,4.827974055333473
2010-06-01,1322050.562532618,22.79397521607963,5799999.999999997,634201.254573932,386.90736114789286,245377.13384388306,53557.46857520513,51314.077693912186,37186.98392450788,296691.21153779526,22.44174466137147,5.115365716168884,54228.39165566525,38003.44602078678,299605.5254995483,22.66218357984749,5.165612508612902
2010-07-01,1088469.217055946,18.76671063889561,5800000.000000003,603243.931729208,380.2469832193275,229381.68518539728,55225.09708975577,73810.48382920606,51520.28398915992,303192.16901460337,27.85491443062277,5.2274511899069545,78831.14533812921,56676.57740760538,308212.83052352647,28.31617336475256,5.314014319371147
2010-08-01,1011336.232623669,17.43683159695981,5800000.0,592302.026720827,310.2485958733154,183760.87212305554,43498.23945088699,44619.04554294239,31765.136642452173,228379.91766599793,22.58199699555123,3.937584787344792,51104.035386031035,35545.26662355958,234864.90750908657,23.223226849075306,4.049394957053217
2010-09-01,1074102.757384164,18.51901305834766,5799999.999999998,601236.0602349982,203.15766383227773,122145.71340906486,30800.84161417979,44175.10502569199,27726.83751716476,166320.81843475686,15.48462819700876,2.8676003178406355,27400.49213225961,17321.051777940567,149546.20554132448,13.922895599441956,2.578382854160767
2010-10-01,1222733.978976094,21.08162032717404,5799999.999999998,621403.0796416749,134.2373505606527,83415.5030413287,40724.4986618753,64274.884286938955,42125.8002223971,147690.38732826765,12.07870148925952,2.546385988418408,32955.963051334606,23134.803166185302,116371.46609266331,9.51731677483206,2.00640458780454
2010-11-01,1652835.412914013,28.49716229162091,5800000.000000001,673679.1340561344,72.47730773057849,48826.44991065609,22861.99353351186,28676.006798157156,19038.240602414447,77502.45670881325,4.6890607560358,1.3362492536002284,12735.741157176748,9332.201917078488,61562.19106783284,3.7246413397748,1.0614170873764281
2010-12-01,1991270.324176392,34.33224696855848,5800000.000000001,710156.0802254875,60.214129634393345,42761.43027535014,15259.57165962892,16956.57336469889,11903.814643896081,59718.00364004903,2.9989902885108757,1.0296207524146384,7919.552355183788,6387.427566267053,50680.98263053393,2.5451583351193694,0.8738100453540333
2011-01-01,2179750.853661139,37.58191127001964,5800000.0,729128.611517685,68.0683358671485,49630.571219133424,15259.57165962892,19103.226348004668,13620.869673491396,68733.7975671381,3.153286874584399,1.1850654752954843,10129.054403000622,8169.53015829895,59759.625622134045,2.7415805582441206,1.0303383727954145
2011-02-01,2191352.60491542,37.78194146405896,5800000.000000001,730269.1171509861,100.2654051433376,73220.7288948111,13924.78664564724,24146.489665341032,17288.972803249657,97367.21856015213,4.443247441865259,1.6787451475888298,13168.435675620409,10617.335017954822,86389.1645704315,3.9422758517571332,1.4894683546626122
2011-03-01,2040091.440150842,35.17399034742831,5800000.000000001,715153.6495111162,186.07561923407246,133072.65818028778,31527.9384595714,50002.699976093994,35887.31788301478,183075.35815638176,8.97388002092913,3.15647169235141,33416.668205759095,26423.292061504635,166489.3263860469,8.160875689657168,2.870505627345636
2011-04-01,1810072.286951951,31.20814287848192,5799999.999999999,691049.7412153105,272.7384233247903,188475.81685806817,42298.61258575151,31205.927991226345,20128.331412322514,219681.7448492945,12.13662826799171,3.7876162905050776,26107.911976109623,19429.253602304027,214583.72883417777,11.854981172907928,3.6997194626582375
2011-05-01,1576826.000192754,27.18665517573714,5799999.999999999,664985.7673404703,366.44010187578897,243677.45233019165,47895.3698897727,26964.03684680057,18506.663414058625,270641.4891769922,17.163687632237707,4.666232572017107,48100.558332790766,36036.8409570361,291778.0106629824,18.504134928477523,5.030655356258317
2011-06-01,1435246.236109097,24.74562476050167,5800000.000000001,648214.8206588258,392.77477265141124,254602.42881354562,66322.1885134001,61956.65037657621,46673.85246254593,316559.07919012185,22.05608147409622,5.457915158450377,78570.04694759878,56863.55087322482,333172.4757611444,23.213610834079837,5.744353030364559
2011-07-01,1443620.853803071,24.8900147207426,5800000.000000001,649229.2544040931,396.85550080837766,257650.20089598602,66579.0888969368,108619.66903506652,81480.87732204003,366269.86993105256,25.371611179358638,6.31499775743194,98138.0798327845,69114.5194471756,355788.28072877054,24.645548711178762,6.134280702220182
2011-08-01,1632101.383287818,28.13967902220377,5799999.999999998,671327.9240897435,311.88576495126426,209377.62313787392,42308.21601592166,51847.15604890527,38884.31074120924,261224.7791867792,16.005426002430678,4.503875503220331,52610.654522448145,35624.22277977646,261988.27766032206,16.052206091055123,4.517039270005553
2011-09-01,1973763.428110504,34.03040393293972,5800000.000000001,708349.0899602993,211.61628230643993,149898.20099254852,35977.35671373837,16813.174839589392,11240.494228846306,166711.3758321379,8.44637069761353,2.8743340660713432,35291.70783262183,23574.19131736903,185189.90882517037,9.382578792761086,3.192929462502937
2011-10-01,2400637.728488116,41.3903056635882,5800000.000000001,750347.0858699789,131.93177731472065,98994.62464174762,45671.85847907559,32197.46373275259,22861.710653985072,131192.08837450022,5.464884885281001,2.261932558181038,35914.254424197024,25605.34420469416,134908.87906594464,5.619710023923857,2.3260151563093903
2011-11-01,2518939.023463485,43.42998316316354,5799999.999999998,761310.0015168772,73.66157921066993,56079.29698061069,25983.29916036061,11621.637713292528,8514.422351655128,67700.93469390323,2.6876765996826695,1.1672574947224694,11931.943449244225,8779.568095354596,68011.24042985492,2.6999955058991856,1.1726075936181883
2011-12-01,2557617.867690959,44.09685978777516,5799999.999999999,764838.2653785059,57.684441913416016,44119.26849238429,13112.26038469821,7318.775087242203,5859.908438379554,51438.043579626494,2.011170012120115,0.8868628203383878,7067.246743061352,5638.577918618763,51186.515235445644,2.001335534993635,0.8825261247490629
2012-01-01,2440466.734136551,42.07701265752674,5800000.000000001,754067.5742903044,68.92978976584763,51977.719365073375,13112.26038469821,9593.784610083416,7690.734459453215,61571.50397515679,2.522939694850669,1.0615776547440825,9297.644469286919,7421.871897279253,61275.363834360294,2.5108051249893317,1.0564717902475913
2012-02-01,2150952.460132863,37.08538724367006,5799999.999999998,726284.409161282,107.71294398985205,78230.23188469197,12423.23523749285,15511.49051172367,12438.99835156237,93741.72239641563,4.358149430723599,1.6162365930416487,15202.806804422136,12114.430780708602,93433.0386891141,4.343798406559985,1.6109144601571397
2012-03-01,1725285.566777524,29.74630287547455,5800000.0,681781.1992356686,188.89101350195992,128782.34171020711,20996.62529666686,25915.02988792155,20731.31328827544,154697.37159812867,8.966479206516015,2.667196062036701,26253.55820387449,20308.79640873202,155035.89991408162,8.986100788152802,2.6730327571393384
2012-04-01,1200318.864244058,20.6951528317941,5800000.000000001,618443.4783062625,271.6898139206885,168024.7935414918,38781.25976161847,13916.000457222775,10948.119075463934,181940.79399871457,15.157705124737669,3.136910241357148,18566.023887308264,12927.987139109442,186590.81742880004,15.545104137500331,3.2170830591172423
2012-05-01,681911.2811873355,11.75709105495406,5800000.0,540020.3036604922,380.8309154306889,205656.4265941838,40707.1056712143,29063.717827016284,23143.54856861061,234720.1444212001,34.42092115157683,4.046899041744829,34712.42624147657,24561.633636450497,240368.8528356604,35.24928527610412,4.144290566132076
2012-06-01,290000.0,5.0,5800000.0,456524.7584249853,383.51256362695824,175082.9804627439,65409.02354527272,53216.618679661784,38945.725708944665,228299.59914240567,78.72399970427783,3.936199985213891,71033.60130031637,51196.24001007592,246116.58176306027,84.86778681484837,4.243389340742419
2012-07-01,290000.0,5.0,5800000.0,456524.7584249853,379.2488461273267,173136.48786123225,66711.4137555697,78812.73758082847,55419.258504787154,251949.22544206074,86.87904325588302,4.343952162794151,97407.7472813951,70319.8258532371,270544.2351426274,93.29111556642324,4.664555778321162
2012-08-01,290000.0,5.0,5800000.0,456524.7584249853,311.5482345037184,142229.4824945407,56460.98351785925,59313.233454040776,41108.450955377055,201542.71594858146,69.49748825813154,3.474874412906577,64353.83574729832,45918.86735362814,206583.318241839,71.23562697994448,3.5617813489972243
2012-09-01,290000.0,5.0,5800000.0,456524.7584249853,195.46170561525153,89233.1079373383,29066.54048691072,57344.941252834324,38462.96284709376,146578.04919017263,50.544154893162975,2.5272077446581487,25858.65347428365,16501.140963128433,115091.76141162195,39.68681427986964,1.9843407139934819
2012-10-01,290000.0,5.0,5800000.0,456524.7584249853,129.97737232223713,59337.88850012368,39047.41781026047,75297.72769379707,50858.50948188387,134635.61619392075,46.42607454962784,2.3213037274813924,33931.19040976227,23806.12782317347,93269.07890988595,32.161751348236535,1.608087567411827
2012-11-01,598591.156166303,10.32053717528109,5799999.999999997,524879.1501204087,74.30962252416545,39003.57151625235,24209.85927969396,36108.834819548516,24471.940132928525,75112.40633580086,12.548198476045114,1.2950414885482906,15137.939565319708,10866.871531065466,54141.511081572055,9.044823085647167,0.9334743289926216
2012-12-01,824495.5612464584,14.21544071114584,5799999.999999998,563923.5864499696,56.64628598621169,31944.176752415144,15495.8848122729,13420.522593564954,9619.231124704114,45364.6993459801,5.502115654497705,0.7821499887237948,6241.516472440093,4916.262897608418,38185.69322485523,4.631400703616493,0.6583740211181937
2013-01-01,907182.3123326058,15.64107435056217,5800000.0,576841.5870452896,69.92887898817354,40337.88553583603,15495.8848122729,10402.851091278293,8120.223737322938,50740.736627114326,5.593223758590097,0.8748402866743848,9408.839261584333,7417.749584128742,49746.724797420364,5.483652417065801,0.8577021516796615
2013-02-01,824495.5612464583,14.21544071114583,5800000.000000002,563923.5864499696,99.49284900971243,56106.364239682334,14138.23078351922,17245.650408902184,13478.211358173125,73352.01464858452,8.896593031706828,1.2646899077342157,15940.65805373563,12538.856307612863,72047.02229341796,8.738315362729,1.2421900395416892
2013-03-01,598591.156166303,10.32053717528109,5799999.999999997,524879.1501204087,180.94153608957518,94972.43968417749,35249.55398015852,29854.40450620623,23161.35508950904,124826.84419038371,20.853439430986818,2.152186968799719,35315.083155126806,26516.595257699024,130287.52283930429,21.76569458087805,2.24633660067766
2013-04-01,290000.0,5.0,5800000.0,456524.7584249853,275.64531580993105,125838.91121110755,35018.99565371292,13778.863804594648,9775.274195670834,139617.7750157022,48.14406035024214,2.407203017512107,26892.61287986577,17516.969167111554,152731.5240909733,52.6660427899908,2.63330213949954
2013-05-01,290000.0,5.0,5800000.0,456524.7584249853,361.789508437634,165165.86794018504,49579.60834935676,34553.66451316971,26574.698657522382,199719.53245335474,68.86880429426026,3.443440214713013,49152.301031204704,33435.686762743535,214318.16897138974,73.90281688668611,3.6951408443343055
2013-06-01,290000.0,5.0,5800000.0,456524.7584249853,392.3439660416944,179114.73431668518,38283.23068059844,52100.48177561625,40632.7324418192,231215.21609230142,79.72938485941428,3.9864692429707143,49365.17014828202,33915.06287259418,228479.9044649672,78.78617395343697,3.9393086976718483
2013-07-01,290000.0,5.0,5800000.0,456524.7584249853,388.1878090612439,177217.3457552087,37639.45184440428,70273.12481424249,54805.44472655249,247490.47056945116,85.3415415756728,4.2670770787836405,59892.73400262918,41456.83962547235,237110.07975783787,81.76209646821995,4.088104823410998
2013-08-01,290000.0,5.0,5800000.0,456524.7584249853,310.7006961674854,141842.560260336,34721.34117313212,49936.32279650246,38957.52617492435,191778.88305683847,66.1306493299443,3.306532466497215,43803.5778242952,30276.727438123475,185646.1380846312,64.01590968435559,3.20079548421778
2013-09-01,290000.0,5.0,5800000.0,456524.7584249853,208.45403103259645,95164.42615987048,42173.95642254596,45322.050258212716,30676.932691520145,140486.47641808318,48.44361255795972,2.422180627897986,36200.55942793353,24532.742446869885,131364.985587804,45.29827089234621,2.2649135446173103
2013-10-01,336400.0,5.8,5800000.0,468582.32410309213,133.43911368065446,62527.21001473778,42540.16268348328,59959.58216555727,39822.98545500467,122486.79218029504,36.41105593944562,2.1118412444878456,38279.95067729087,26964.120765077456,100807.16069202864,29.96645680500257,1.738054494690149
2013-11-01,791729.6681566543,13.65051151994232,5799999.999999998,558626.1905680037,74.99739188419737,41895.50733080489,27757.8738823898,24995.026596727545,16838.191344824634,66890.53392753244,8.448658250141163,1.1532850677160764,15492.895492494305,11324.489829920009,57388.40282329919,7.248484568844542,0.9894552210913653
2013-12-01,1150480.478320271,19.83587031586675,5799999.999999998,611762.3526786822,59.95546091054829,36678.493822571785,19601.52107624077,12995.722639448188,9509.74049201929,49674.21646201998,4.31769312022969,0.8564520079658617,9580.668136477634,7531.279648995864,46259.16195904942,4.020855879848471,0.7975717579146452
2014-01-01,1351459.336313309,23.30102303988463,5800000.000000002,637897.9326593087,69.61767254558096,44408.96939337881,19601.52107624077,14758.69588956205,10874.973516800226,59167.665282940856,4.378057385311075,1.0201321600507045,11428.85804421659,8983.357980365394,55837.8274375954,4.131669073367555,0.962721162717162
2014-02-01,1366240.478320271,23.55587031586675,5799999.999999998,639740.7313640021,99.9720142386205,63956.16950494751,17846.54740903859,20426.13691020132,15041.621017755593,84382.30641514884,6.176241134276226,1.4548673519853248,16140.803297475144,12685.655353412945,80096.97280242265,5.862582325250541,1.3809822896969424
2014-03-01,1209329.668156654,20.85051151994232,5799999.999999998,619636.5223933544,192.3317748901045,119175.79213864585,33608.93247024994,44919.961554005284,32949.9492238409,164095.75369265114,13.569149754076363,2.829237132631916,39099.4219666238,29729.796766351148,158275.21410526964,13.087846785940837,2.728883001814994
2014-04-01,969759.9999999999,16.72,5800000.0,586230.6762036522,278.746972346733,163410.02608854603,42545.13392770769,32798.26022455422,21824.646114389634,196208.28631310025,20.23266440285228,3.3829014881569006,35322.50773867501,25554.817602483727,198732.53382722105,20.49296050849912,3.426422997021053
2014-05-01,726710.3318433455,12.52948848005768,5800000.000000001,547779.1225109224,369.7433799654145,202537.7042316773,57234.78140314834,45555.87479395468,31479.424676282608,248093.57902563197,34.139266796486474,4.2774755004419305,51295.83538167723,37676.89353000134,253833.53961335451,34.9291221674928,4.376440338161284
2014-06-01,580239.5216797283,10.00412968413325,5799999.999999997,521405.1387214238,393.515147813649,205180.82023475724,58555.42334388357,62005.06736064097,44201.539684372605,267185.88759539824,46.04751617434212,4.606653234403418,77662.72982795785,56536.44520895554,282843.5500627151,48.74599876339253,4.876612932115777
2014-07-01,591540.6636866912,10.19897696011537,5799999.999999997,523550.8602187997,380.72655950424377,199329.71773659086,57278.88504415414,73714.02156174686,53392.31877929775,273043.7392983377,46.15806757842011,4.707650677557547,89904.6224995038,64565.31567788881,289234.34023609466,48.89509005745838,4.986798969587839
2014-08-01,792519.5216797285,13.66412968413325,5800000.0,558755.1650735748,314.6351544347307,175804.01765412762,52883.2501309939,44968.29103012015,32196.080604427694,220772.30868424778,27.85701836294524,3.8064191152456512,70587.68541819791,50257.28938940627,246391.70307232553,31.089669885998955,4.2481328115918195
2014-09-01,1154750.331843346,19.90948848005768,5800000.000000002,612340.3489020953,211.49046323204146,129504.14404497403,51393.10119498815,30064.012817369985,19392.06599703857,159568.156862344,13.818411864634227,2.7511751183162763,45824.18607135441,32262.099854054915,175328.33011632843,15.183224051250031,3.0229022433849733
2014-10-01,1606600.0,27.7,5800000.000000001,668415.5262743415,130.53522471043192,87251.77092216277,57263.50948854824,41877.07639320324,28121.469190651413,129128.84731536602,8.037398687623927,2.2263594364718275,41468.44856305837,30308.1572762307,128720.21948522114,8.011964364821432,2.2193141290555367
2014-11-01,1965022.281473472,33.8796945081633,5800000.000000002,707443.8649556527,74.66981003316131,52824.69900536401,32279.23155736101,17851.57797220623,12398.263948756427,70676.27697757023,3.5967163143093535,1.2185564996132798,17045.64963589629,12656.209960502852,69870.3486412603,3.5557026146730517,1.2046611834700052
2014-12-01,2236577.66760867,38.56168392428741,5800000.000000001,734686.3826128078,56.94002938433043,41833.06421424071,15300.37474842033,6610.442477608014,5282.060732688367,48443.50669184872,2.165965769641441,0.8352328739973918,7912.64417592498,6071.771959000223,49745.70839016569,2.2241887286370603,0.8576846274166497
2015-01-01,2361104.836919546,40.70870408481976,5800000.0,746623.6111264348,68.49973936379868,51143.522765018955,15300.37474842033,10546.796843575623,8439.036496780924,61690.31960859458,2.6127734204754693,1.0636262001481824,12719.341909652172,9760.460481767022,63862.86467467113,2.704787338371254,1.1010838737012265
2015-02-01,2314408.900485382,39.90360173250659,5800000.0,742185.0839742136,97.6112809924967,72445.63678024673,13961.64104842657,13180.026927129202,10547.456708688329,85625.66370737593,3.6996774290583816,1.4763045466788955,15915.313629533708,12210.710087593321,88360.95040978043,3.817862538951056,1.5234646622375936
2015-03-01,2115663.377363883,36.47695478213591,5800000.0,722773.0814899004,189.66662360318816,137085.92999746135,39964.78070029377,36734.610830762664,27184.522793567696,173820.540828224,8.215888344430503,2.99690587634869,40525.12852925737,30032.042203901146,177611.05852671873,8.395052843804581,3.0622596297710127
2015-04-01,1835072.328767123,31.63917808219178,5799999.999999999,693740.9968529309,280.94977903475547,194906.37977318192,40118.51699161925,32574.195658812525,21386.26941666884,227480.57543199445,12.39627298967694,3.9220788867585252,27877.390452643725,18792.931925785928,222783.77022582566,12.140326391140176,3.8410994866521664
2015-05-01,1553225.93770461,26.77975754663121,5799999.999999999,662244.1331181126,367.8898630600758,243632.90344516106,37171.33317837185,60450.44666017292,41126.8314448414,304083.35010533396,19.577534904851948,5.242816381126447,39143.20268955239,26950.96813538618,282776.10613471345,18.205729074586916,4.875450105770922
2015-06-01,1358246.441980371,23.41804210310985,5799999.999999998,638745.3413779121,387.1544180880707,247293.08094763162,61849.94040895494,39962.64292105341,31337.485631304924,287255.723868685,21.149013536148573,4.952684894287673,62624.004647119495,45221.10616359855,309917.0855947511,22.81744137263346,5.343398027495709
2015-07-01,1310295.163080453,22.59129591518023,5799999.999999998,632712.1127707602,388.6879620720837,245927.58169118917,63911.60508925344,60883.03286039357,47454.504249489364,306810.6145515827,23.41538175492329,5.28983818192384,90714.72598696078,66154.41707202775,336642.30767814995,25.69209725896545,5.804177718588792
2015-08-01,1434822.33239133,24.73831607571259,5800000.0,648163.3937837114,309.8107101619348,200807.96132910144,43576.70111934603,37561.415163578014,29491.185896790663,238369.37649267947,16.613163254533674,4.109816836080681,49211.08006019161,34395.50512872905,250019.04138929304,17.42508711671651,4.310673127401604
2015-09-01,1707633.060992282,29.44194932745313,5800000.000000001,679823.0531504379,208.3807885290977,141662.06387574697,24909.88917432876,44248.0626514638,30247.431717789288,185910.12652721076,10.887006744831995,3.205347009089841,22810.832479663644,14503.954596569012,164472.89635541063,9.631629892421836,2.835739592334666
2015-10-01,2064800.0,35.6,5799999.999999999,717660.1489249363,132.43305697527165,95041.92739145804,27388.93990696294,55922.166557175144,38208.74057867535,150964.09394863318,7.311317994412688,2.602829206010917,20800.940454655614,15170.123960679513,115842.86784611366,5.6103674857668375,1.9972908249329941
2015-11-01,2340830.530266843,40.35914707356626,5799999.999999999,744701.9458698991,74.12416206218315,55200.40772368354,15096.77417301661,18374.26789251336,12873.47302604234,73574.6756161969,3.1431013336881657,1.2685288899344294,7708.851448239288,5914.386887190695,62909.25917192282,2.6874760200923853,1.0846423995159107
2015-12-01,2529930.996694315,43.61949994300544,5800000.0,762315.42232628,58.07820819497131,44273.91380810317,11411.30864651639,6818.018450926433,5494.951669337558,51091.93225902961,2.01949904269278,0.8808953837763726,6433.88611334204,5189.497295449337,50707.799921445214,2.004315532229992,0.8742724124387106
2016-01-01,2563615.158894342,44.20026136024727,5800000.000000001,765382.9398089402,72.33392913883408,55363.15533221238,11411.30864651639,10548.70154630063,8502.537855447914,65911.856878513,2.571051144312161,1.1364113254916035,9958.677126348333,8032.594746317377,65321.83245856071,2.5480358169957644,1.1262384906648397
2016-02-01,2419889.466639671,41.72223218344259,5800000.000000002,752149.2427272976,113.33760424777702,85246.79320749165,10832.02232112921,14000.550475922222,11282.501835702364,99247.34368341387,4.10131723170115,1.7111610979898941,13236.552497229106,10671.140901032712,98483.34570472075,4.069745625261041,1.6979887190469094
2016-03-01,2126072.060321488,36.65641483312911,5799999.999999998,723811.7892205603,194.38463342011616,140697.88931279702,19295.67355848504,23322.550949828168,18800.49039969217,164020.4402626252,7.714716886774916,2.827938625217676,24780.92706857864,19457.93859439786,165478.81638137565,7.783311745150973,2.853083041058201
2016-04-01,1740000.0,30.0,5800000.0,683405.7902536162,275.40788224173355,188215.3414054868,37701.88264705338,1070.1295098656462,861.425249004746,189285.47091535246,10.878475339962787,3.263542601988836,21435.65975877382,15364.92012283756,209651.0011642606,12.048908112888542,3.6146724338665623
2016-05-01,1355702.80306649,23.37418625976708,5799999.999999997,638428.0021996682,367.91826801177666,234889.32481952067,48374.32186366656,8509.143718203533,6624.051421064455,243398.4685377242,17.95367450647565,4.196525319615935,37849.96178428496,27676.61827776135,272739.2866038056,20.11792599284234,4.702401493169062
2016-06-01,1058335.669972351,18.24716672366123,5799999.999999998,599016.9174912015,390.17591849826937,233721.9759781316,65996.15483954473,51232.90873507855,38817.72969087828,284954.88471321017,26.924811550635404,4.913015253676037,76983.50901030902,54846.2823347698,310705.48498844064,29.357933763732806,5.356991120490356
2016-07-01,916384.8411056581,15.79973863975273,5799999.999999998,578242.1954606964,385.7841011452378,223076.64562005366,68196.02666752957,88403.39624319831,66741.27118674546,311480.04186325194,33.990091050331834,5.370345549366412,98979.40716584011,69555.44714938992,322056.0527858938,35.1441925203956,5.552690565274031
2016-08-01,950069.0033056847,16.38050005699456,5800000.000000001,583309.8132420996,308.8819447169917,180173.86948672496,61741.92808728265,72027.6213399893,51477.18048889552,252201.49082671426,26.545597209171177,4.348301565977832,73919.66378079687,52194.054127192576,254093.53326752182,26.74474510624227,4.380922987371066
2016-09-01,1137394.606345179,19.61025183353757,5800000.0,609984.2479616248,207.77096174790697,126737.01385006054,44239.80223770234,58228.21444173875,36485.16328832365,184965.22829179929,16.26218616300222,3.1890556602034357,40442.95556777019,27748.25673817049,167179.96941783073,14.69850204011734,2.8824132658246677
2016-10-01,1415200.0,24.4,5800000.0,645774.4929863971,130.3424680259538,84171.84120405598,54420.78286631539,70302.83232938645,45388.89469672438,154474.67353344243,10.9153952468515,2.663356440231766,41451.8824905027,29402.196666479005,125623.72369455868,8.876747010638686,2.1659262705958393
2016-11-01,1649046.55589192,28.43183717055034,5800000.000000002,673250.5889288009,73.3780144509938,49401.79144355764,31094.64832054063,32018.463644145562,20851.754096184966,81420.2550877032,4.93741397395936,1.4037975015121242,16181.531127902314,11729.033016569765,65583.32257145995,3.977044937702677,1.1307469408872406
2016-12-01,1799916.249295293,31.03303878095332,5800000.000000001,689951.1379989438,58.30020525502795,40224.29296127853,15803.68367725245,17234.75391148959,11747.69898794758,57459.04687276812,3.1923178034124984,0.990673221944278,8549.524983826217,6559.986471518268,48773.81794510475,2.709782633730918,0.8409278956052542
2017-01-01,1799468.454249593,31.02531817671712,5800000.0,689902.627672492,70.53263137940021,48660.64772530347,15803.68367725245,10886.416343657984,8664.338763200705,59547.06406896145,3.309147427860497,1.02667351843037,13186.975652165267,10118.747922920711,61847.623377468735,3.436994031843708,1.0663383340942885
2017-02-01,1627505.290391183,28.06043604122729,5800000.0,670804.714913408,104.55561413854122,70136.39893480043,14416.24266156526,13820.090333230757,11005.198465552658,83956.48926803118,5.158600083435158,1.4475256770350202,16838.990598564436,12918.041129767586,86975.38953336485,5.344092584329459,1.4995756816097388
2017-03-01,1315347.925754934,22.6784125130161,5800000.000000001,633352.998057283,186.0712539215686,117848.78652350344,42537.74680802199,26773.124147412364,21254.487505143876,144621.9106709158,10.994954858647846,2.493481218464065,45086.038760277224,33480.36752474205,162934.82528378066,12.387203575074286,2.8092211255824253
2017-04-01,909090.4109589038,15.67397260273972,5800000.000000001,577132.5779359486,278.33725411297314,160637.49700183343,43969.10564893109,14708.589731711301,11309.0837915007,175346.08673354474,19.288080109500946,3.0232083919576676,32958.67583869953,22699.7351205894,193596.17284053296,21.295590681275442,3.3378650489747064
2017-05-01,505613.7180806827,8.717477897942805,5800000.0,506677.6274779632,367.2024239885264,186053.25299066366,40942.52499044237,27385.22291602908,21217.617376160037,213438.47590669274,42.21374307582247,3.6799737225291853,35667.48667514633,25412.121894334956,221720.73966581,43.85180459649419,3.822771373548448
2017-06-01,290000.0,5.0,5800000.0,456524.7584249853,390.3588887392366,178208.4973807257,61572.93163100723,68218.85737457253,49152.37266630298,246427.35475529823,84.97494991562009,4.248747495781004,64316.302850159205,46287.17351651295,242524.8002308849,83.62924145892582,4.1814620729462915
2017-07-01,290000.0,5.0,5800000.0,456524.7584249853,387.77087414018547,177027.00464109355,63365.59033500918,106308.98920662249,74142.97195512906,283335.993847716,97.70206684404,4.885103342202,89492.62365906878,64122.96569143199,266519.6283001623,91.90332010350426,4.595166005175213
2017-08-01,290000.0,5.0,5800000.0,456524.7584249853,318.09679102903715,145219.0606802942,38661.1942707616,70883.72761176502,50384.20085000264,216102.7882920592,74.51820285933077,3.7259101429665384,47556.406629610385,32422.021481449825,192775.46730990458,66.47429907238089,3.3237149536190445
2017-09-01,290000.0,5.0,5800000.0,456524.7584249853,207.8740630778904,94899.65642945407,22794.7322029644,44892.1787330371,30582.42395805651,139791.8351624912,48.2040810905142,2.41020405452571,21281.843390887254,13569.14756018108,116181.49982034133,40.062586144945286,2.003129307247264
2017-10-01,400200.0000000001,6.9,5800000.000000001,483874.9575118918,129.45790376302722,62641.43768291337,26329.44533046504,53271.120961006265,36428.83205320336,115912.55864391963,28.96365783206387,1.9984923904124077,20646.67255315852,15044.33118677106,83288.1102360719,20.811621748143896,1.4360019006219293
2017-11-01,766264.3051008361,13.21145353622131,5800000.000000001,554432.9426931278,74.11712788761581,41092.97731869372,16254.11736012715,22762.987352589767,15864.94817519274,63855.96467128348,8.333412406947547,1.1009649081255772,9888.205533240738,7495.448726843058,50981.182851934456,6.653211236979859,0.8789859112402492
2017-12-01,1042191.423644037,17.96881764903512,5800000.0,596727.4953223447,56.74686522842296,33862.41475515149,12887.02499073604,6281.656420216149,5071.707162338435,40144.07117536764,3.8518903787370777,0.6921391581959937,6552.613596767392,5207.273000953396,40415.02835191888,3.877889170360582,0.6968108336537738
2018-01-01,1164968.848387971,20.0856697997926,5800000.000000001,613719.2726291833,70.04866955972668,42990.21853083747,12887.02499073604,8399.075896259696,6781.333864363864,51389.294427097164,4.411216188158786,0.8860223177085718,8754.720123317627,6957.398997159994,51744.93865415509,4.441744405934742,0.8921541147268118
2018-02-01,1109647.91589572,19.13186061889172,5800000.000000001,606179.8769229772,100.47945851101578,60908.62579349493,11781.84126729238,15144.98579481669,12228.10195677346,76053.61158831161,6.853850712360443,1.3112691653157176,15847.884178756558,12588.701839911171,76756.50997225149,6.9171949834459685,1.323388102969853
2018-03-01,896825.257846029,15.46250444562119,5799999.999999999,575256.737943949,184.7098019731658,106255.55814935615,27124.10206609532,29406.225882978088,23053.72797173511,135661.78403233422,15.126891537172256,2.3389962764195555,30217.333068161824,23091.502056764642,136472.89121751796,15.217333591305726,2.3529808830606544
2018-04-01,598217.4449968752,10.31409387925647,5800000.0,524808.9411219151,273.73602776165967,143659.11487651578,29904.29620876042,14024.258403008565,9954.836840781205,157683.37327952436,26.358872446514496,2.7186788496469716,19464.06652279234,13113.893031362024,163123.18139930812,27.26820870296756,2.812468644815657
2018-05-01,298521.6242081788,5.146924555313428,5799999.999999998,458807.8408676215,361.6663808413541,165935.37130822858,60012.58187127105,31512.490638023068,21931.061944625995,197447.86194625165,66.14189590786839,3.404273481831925,50564.12538626054,36202.79181519772,216499.49669448912,72.52389077968763,3.732749943008433
2018-06-01,290000.0,5.0,5800000.0,456524.7584249853,395.5869937539495,180595.25675958797,59341.7089260345,54883.554155739825,40167.46239333824,235478.8109153278,81.19958997080269,4.059979498540135,69727.93899630594,50153.790263710325,250323.1957558939,86.31834336410134,4.315917168205067
2018-07-01,290000.0,5.0,5800000.0,456524.7584249853,390.2096364843608,178140.36003112412,61058.22923330135,84712.20123589311,61810.302518376564,262852.5612670172,90.63881423000593,4.5319407115002965,91935.30007186359,66346.9608595518,270075.6601029877,93.12953796654749,4.656476898327375
2018-08-01,290000.0,5.0,5800000.0,456524.7584249853,305.4597514553123,139449.93924169248,59449.87691383196,44253.52795570273,30931.1109953433,183703.46719739522,63.3460231715156,3.1673011585757798,70277.46467655536,50664.824029932046,209727.40391824784,72.31979445456822,3.6159897227284112
2018-09-01,432346.6007720012,7.454251737448296,5800000.0,491117.32918157015,211.8330310329869,104034.87243335719,59558.69222264506,36468.30884618999,22919.580739682497,140503.18127954716,32.49781102214373,2.422468642750813,50786.93438747269,35885.51892126825,154821.80682082986,35.80965053139748,2.6693414969108598
2018-10-01,797322.8979332941,13.74694651609128,5799999.999999999,559538.1242300392,131.5633758077013,73614.7245168129,42129.24387772534,50423.59209074457,33619.52479002735,124038.31660755747,15.556848665587276,2.1385916656475423,32333.172013230494,23182.291117883124,105947.89653004339,13.287953576231953,1.8266878712076446
2018-11-01,1164774.612897241,20.08232091202139,5800000.000000002,613693.1183002025,72.88140747568822,44726.8182198628,23104.73209865018,21819.264392890196,14943.06281499848,66546.082612753,5.713215404586075,1.1473462519440172,13422.282497278507,9924.669710761653,58149.10071714131,4.992304955248141,1.0025707020196777
2018-12-01,1447475.152681153,24.95646814967505,5800000.0,649695.1442805687,59.20976033960543,38468.29378665784,11474.00814457418,7297.537829336062,5860.520732270893,45765.831615993906,3.161769756891648,0.7890660623447224,6511.601590923757,5252.186127171171,44979.8953775816,3.1074727116569494,0.7755154375445102
2019-01-01,1588507.813677973,27.38806575306851,5799999.999999999,666335.2592776672,71.65049421705719,47743.25064149579,11474.00814457418,10831.318906090068,8707.667679823762,58574.56954758586,3.687395746072186,1.009906371510101,9736.34368917277,7853.26777284277,57479.59433066856,3.618464689675174,0.9910274884598028
2019-02-01,1563790.223369178,26.96190040291686,5800000.0,663473.9495126063,101.83896172867793,67567.4981523891,10505.56798688811,15086.804446877592,12136.610577328463,82654.3025992667,5.285510892962895,1.4250741827459774,13577.368056544305,10946.448167534634,81144.86620893341,5.188986668180289,1.3990494173954036
2019-03-01,1389900.556164386,23.96380269248942,5799999.999999998,642669.8603513272,188.7782918459196,121322.11845797925,28580.65413940301,24480.2176334489,19611.994903538445,145802.33609142815,10.490127185342594,2.5138333808866924,27832.69510436574,21350.976470171,149154.813562345,10.731329871106562,2.571634716592155
2019-04-01,1138763.911888465,19.63386054980112,5800000.0,610170.7863323455,284.55675590733415,173628.21950815935,35291.05850366741,7596.879874276383,5898.13546279331,181225.09938243573,15.914194109110968,3.1245706790075123,23667.2045661834,16058.012612413253,197295.42407434277,17.325401869045763,3.401645242661082
2019-05-01,885751.2180853175,15.27157272560892,5800000.000000001,573552.0176410398,370.30052027360483,212386.61053645282,45691.54541601146,12720.837758579317,10107.42641990537,225107.44829503214,25.414297344307947,3.8811629016384854,42478.94680595244,29405.889570111744,254865.55734240526,28.77394375966368,4.394233747282849
2019-06-01,717489.6994622042,12.37051205969318,5799999.999999998,546202.1711774626,384.9067752734404,210236.91635526883,40959.18627157466,27795.378147499632,20864.400160237048,238032.29450276846,33.17570895877474,4.104005077633939,50138.14268683688,35102.80350995378,260375.0590421057,36.2897278159213,4.4892251558983745
2019-07-01,690896.0596261828,11.91200102803763,5800000.000000003,541596.3680136446,383.90061977386074,207919.18134771014,42324.49248062716,43850.75522267777,31997.31860254043,251769.93657038792,36.44107287377076,4.340860975351516,66488.73260581942,46435.90225580642,274407.91395352955,39.71768403224084,4.731170930233268
2019-08-01,831928.7206230032,14.34359863143109,5800000.0,565110.6057742925,314.27890137467017,177602.34033791898,40495.21455514214,31500.73668904703,22890.414765454116,209103.07702696603,25.134734724673987,3.6052254659821728,53600.84515387416,37347.930947862325,231203.18549179315,27.791225349048286,3.98626181882402
2019-09-01,1116505.309934142,19.25009155058865,5800000.000000002,607124.4838789061,208.61131589891906,126653.03749643068,43909.14788849951,40489.74122960265,26860.219089060778,167142.77872603334,14.970173203734463,2.8817720470005748,39540.356053102034,27067.84630179106,166193.39354953272,14.885141348708478,2.865403337060909
2019-10-01,1482080.975370862,25.55312026501486,5800000.0,653850.6595988947,129.6530644174615,84773.74168837517,52745.18328448483,67865.68490677579,45872.704710903585,152639.42659515096,10.298993721105953,2.631714251640534,42561.42560732267,30742.26905972939,127335.16729569784,8.591647110498446,2.195433918891342
2019-11-01,1781518.293524816,30.71583264697959,5799999.999999999,687953.064133021,76.26498911433521,52466.732947278404,30535.95462616399,28058.163520878417,19225.751711690835,80524.89646815682,4.520015133206104,1.3883602839337383,15435.81202656904,11439.783058012103,67902.54497384744,3.8114986088354517,1.1707335340318523
2019-12-01,1992210.29149587,34.34845330165293,5800000.0,710252.8746737789,58.27090562265354,41387.07822833414,14952.63965333458,11981.063423687689,8871.515502650267,53368.141652021826,2.6788407769919633,0.9201403733107212,6562.774642690894,5288.69813575851,47949.85287102503,2.406867039875666,0.8267216012245694
2020-01-01,2046008.29076538,35.27600501319621,5800000.0,715755.245985738,69.63928901580827,49844.686439781755,14952.63965333458,14995.449037573228,11404.511069169808,64840.13547735498,3.1691042392159265,1.1179333702992238,10036.766620665147,8088.6534025547,59881.453060446904,2.9267453768746057,1.0324388458697742
2020-02-01,1919985.828274863,33.10320393577351,5799999.999999999,702747.6868776408,105.82779998809386,74370.24164898258,14144.88035976558,20766.056098785193,15765.764914651943,95136.29774776778,4.95505208146506,1.6402809956511686,13771.5260951761,11092.024501647087,88141.76774415869,4.590750954831549,1.5196856507613568
2020-03-01,1640564.099174143,28.28558791679557,5800000.0,672289.3777591543,185.61433310272096,124786.54450480867,27350.79371160475,41067.24416635063,31015.696955690953,165853.7886711593,10.109558581383672,2.859548080537229,32065.541782991448,24847.53122816055,156852.0862878001,9.56086302063779,2.7043463153068985
2020-04-01,1268902.317799183,21.87762616895142,5800000.000000004,627414.6732018313,273.275959901984,171457.34707582006,40244.12892627683,22285.651556163102,15315.186239940533,193742.99863198315,15.268551086581352,3.3403965281376404,21912.307184527603,15370.417984710013,193369.65426034766,15.239128461498359,3.333959556212891
2020-05-01,898405.4471213354,15.48974908829889,5799999.999999999,575499.1298219734,378.2892436735668,217705.13055515013,43897.88714393765,42687.91857490482,30088.3576048294,260393.04913005495,28.983912549106257,4.489535329828533,39932.32430436753,28289.576503779146,257637.45485951766,28.67719198331197,4.442025083784787
2020-06-01,616653.8966263881,10.63196373493773,5799999.999999998,528246.8451067721,393.30129985396064,207760.17082424727,69388.88906728903,71779.96430000947,52069.751937481626,279540.1351242567,45.331771461037505,4.819657502142357,79224.56226477577,57718.41841963615,286984.73308902304,46.53902856352149,4.948012639465914
2020-07-01,491796.344832985,8.479247324706638,5800000.000000001,503834.03025761555,391.9595985709931,197482.58424618057,69874.06829074412,86777.96181638518,63917.76439522268,284260.54606256576,57.80045928545914,4.901043897630444,103111.6241558145,75466.19019358947,300594.20840199507,61.12168411989264,5.182658765551639
2020-08-01,545594.3441024951,9.406799036249916,5800000.0,514693.53804347396,302.1392559681299,155509.12263605956,57907.09425468912,64211.57000943466,46251.016492445786,219720.69264549421,40.271805421101945,3.788287804232659,66221.33060176953,47392.10779227356,221730.4532378291,40.64016711950645,3.822938848928088
2020-09-01,755121.4313764359,13.01933502373165,5800000.000000002,552576.2095215721,205.3969177024934,113497.4502314581,35940.81421647404,49390.88964647942,32116.524707973884,162888.3398779375,21.571145131058525,2.808419653067888,34273.581639619995,22136.13796258958,147771.0318710781,19.56917466926094,2.5477764115703123
2020-10-01,1055723.660227503,18.20213207288798,5800000.0,598647.6973913428,131.8131146810809,78909.61758981009,42380.35228054926,60757.80566400167,40501.38063285666,139667.42325381178,13.229543725837704,2.4080590216174445,36667.52295138291,25771.866823782955,115577.140541193,10.947669820745206,1.9927093196757415
2020-11-01,1369875.245766315,23.61853872010887,5800000.000000002,640192.3569519655,74.37813370048607,47616.312719402595,20321.63530738986,23341.628303355705,15909.275534429236,70957.9410227583,5.1798834413614125,1.2234127762544533,11836.285924180374,8675.318513734226,59452.59864358297,4.340000947336258,1.0250448041997062
2020-12-01,1598917.306751022,27.56753977156934,5800000.000000002,667533.5969414087,57.29277151238309,38244.84984640336,11474.00814457418,11724.782371610741,8701.855918343083,49969.6322180141,3.125216795579735,0.8615453830692086,6383.770708679813,5149.0781816864255,44628.62055508317,2.791177527859018,0.7694589750876409
2021-01-01,1680196.527514509,28.96890564680188,5800000.0,676759.3896233102,69.11915387339039,46777.03638663534,11474.00814457418,11599.623109563676,9353.360691442353,58376.65949619901,3.4743947234883756,1.0064941292448106,10721.907518504891,8648.214265549708,57498.94390514023,3.422155858767165,0.9913611018127625
2021-02-01,1591001.345583746,27.43105768247838,5800000.0,666622.6706631002,98.4847391698728,65652.15984497944,10505.56798688811,11872.031577003492,9571.628133119204,77524.19142198293,4.872666615724259,1.3366239900341885,10958.731224518602,8835.077316742967,76610.89106949804,4.815262493784324,1.3208774322327248
2021-03-01,1354554.030603845,23.35437983799733,5799999.999999998,638284.5861197151,185.69791560658052,118528.11720624004,32651.68389540951,25461.386382130517,20516.71269816665,143989.50358837057,10.630030278244543,2.4825776480753547,27238.428456666297,21566.10821249872,145766.54566290634,10.761220473274532,2.5132163045328677
2021-04-01,1032486.483897758,17.80149110168548,5800000.0,595342.6931519703,280.7512147701646,167143.18430695703,42268.04662028626,16388.35169751453,13126.844419171697,183531.53600447156,17.775684124369203,3.164336827663303,25935.727945190745,19059.50115336586,193078.91225214777,18.700381580129953,3.328946762968065
2021-05-01,710546.6139846909,12.25080368939122,5800000.0,545008.0367620968,365.2777877091728,199079.32995217823,46296.6790239207,28896.18309438038,23124.195346291344,227975.5130465586,32.0845259916291,3.930612293906183,43979.39307269876,32479.260002622446,243058.723024877,34.20728749403538,4.1906676383599475
2021-06-01,473716.2686257286,8.167521872857389,5800000.000000001,500052.13614705845,396.2638404592154,198152.57989946782,65395.22795903761,56236.20293025108,43113.098342621815,254388.7828297189,53.700664232560925,4.386013497064119,76089.99440362873,54060.742493759855,274242.57430309657,57.89173656600102,4.728320246605113
2021-07-01,384648.763487986,6.631875232551483,5800000.0,480266.9926511847,380.88857260408247,182928.2092997651,67575.06889100553,67354.04041268324,50360.02807119129,250282.24971244833,65.06773801711846,4.315211201938765,90620.05803351749,62748.70588733304,273548.26733328257,71.11637766692742,4.7163494367807335
2021-08-01,465927.9842514734,8.033241107784026,5799999.999999999,498400.8100491067,296.9532017741831,148001.7163109287,36935.91432420659,51329.94956665415,34849.98763316729,199331.66587758285,42.78164708175124,3.436752859958325,43294.64355770442,27731.322629929396,191296.3598686331,41.057065970389424,3.298213101183329
2021-09-01,694842.3684431599,11.98004083522689,5800000.000000003,542285.3691261851,207.2674385463907,112398.09941996836,29888.16203958679,62190.457340229215,38599.26225851472,174588.55676019756,25.126354507048088,3.010147530348234,30683.8229469391,19524.987337119484,143081.92236690747,20.591997388917424,2.4669296959811633
2021-10-01,1009121.630774992,17.39864880646538,5800000.0,591981.8130495123,130.78575569462765,77422.78877715627,36955.61515583401,72814.78844384878,47321.59737608935,150237.57722100505,14.887955290941944,2.59030305553457,32177.627169577776,22619.036619812246,109600.41594673405,10.860971819874912,1.8896623439092077
2021-11-01,1368681.908215479,23.59796393474963,5800000.000000002,640044.1490163788,74.5368614884181,47706.88208170626,21101.05993959889,32916.66744486954,21569.31260252613,80623.5495265758,5.890598030311861,1.3900611987340656,12374.897564565037,9045.020481054307,60081.779646271294,4.389754791499172,1.0358927525219188
2021-12-01,1638835.564813669,28.25578560023568,5799999.999999999,672093.1999394167,58.41101031084896,39257.64283151274,12279.41359785684,17004.801234467006,11647.597753970967,56262.44406597975,3.4330743897650664,0.9700421390686164,6388.509444197154,5123.146289583607,45646.152275709894,2.7852795762886515,0.787002625443274
2022-01-01,1756726.424504971,30.28838662939606,5799999.999999997,685244.2011037164,71.79481310390135,49196.97934877351,12279.41359785684,10693.355885430363,8633.695641074622,59890.33523420387,3.4092010229242384,1.0325919867966185,10618.944747262487,8515.961625416174,59815.924096036,3.4049652388471108,1.0313090361385517
2022-02-01,1697702.991768283,29.27074123738419,5800000.0,678717.0871022095,107.8811557277979,73220.78376879083,11233.03097694988,16402.655594763793,13243.569612889081,89623.43936355463,5.279100042711546,1.5452317131647348,16360.404838758823,13113.40363377069,89581.18860754966,5.276611341436363,1.5445032518543047
2022-03-01,1482618.863611506,25.56239420019838,5800000.0,653914.8648770945,185.884143272644,121552.40443092547,21862.42463660285,20033.568481966486,16065.917399630951,141585.97291289194,9.549721535850635,2.441137464015378,22033.855352755796,17208.52476853456,143586.25978368125,9.684637320337337,2.4756251686841595
2022-04-01,1181926.013125634,20.37803470906266,5799999.999999998,615994.2563946487,275.9562504342908,169987.4652837264,38979.22672578941,2199.9630937656543,1588.1686473150587,172187.42837749206,14.56837623212454,2.9687487651291735,15833.734462830154,11131.069067842887,185821.19974655655,15.721897790805667,3.2038137887337337
2022-05-01,880283.6880114621,15.17730496571486,5800000.000000001,572706.4251755041,371.27758868209634,212633.06056190457,45177.53447195959,26195.20094188554,20675.85051785881,238828.2615037901,27.13082893121613,4.117728646617071,38564.28078638506,27314.322270997814,251197.34134828963,28.535953212507877,4.330988643936028
2022-06-01,668047.9837395853,11.51806868516526,5800000.000000002,537567.9619757466,396.9223807520928,213372.7552834638,72178.53846169286,60438.45164037314,44022.99474003024,273811.20692383696,40.98675747677618,4.720882877997189,75812.50349711788,54563.37330265746,289185.2587805817,43.288096936059354,4.985952737596236
2022-07-01,608075.076374597,10.48405304094133,5799999.999999999,526653.6121499336,390.33383076069606,205570.72191444144,74324.71739338434,107337.5853671256,76477.98227646002,312908.307281567,51.4588279373588,5.394970815199431,110388.71106249138,79192.31648335906,315959.43297693285,51.96059586272041,5.447576430636773
2022-08-01,725965.9360658993,12.51665407010171,5800000.000000001,547652.1854203964,310.7226563168482,170167.94179155264,64086.82718231137,68015.12796898838,49768.125690662826,238183.06976054102,32.8091247712372,4.106604651043811,71488.46561569197,50519.87278113494,241656.4074072446,33.28756838327857,4.166489782883527
2022-09-01,997069.0672923903,17.19084598779983,5800000.000000001,590232.9156732901,203.7457222828987,120257.43171899574,32717.26846219651,37604.71609330364,26015.76711545745,157862.14781229937,15.832619122463091,2.7217611691775754,29303.605004760582,18823.878598641335,149561.03672375632,15.000067861888407,2.5786385642026954
2022-10-01,1355679.870104576,23.37379086387201,5799999.999999997,638425.1397768387,131.8914940862641,84202.84554739924,39856.44159145522,53603.7963155645,35717.905663166996,137806.64186296373,10.16513152565535,2.3759765838442024,35765.06779697223,25051.35429277141,119967.91334437147,8.849280423048345,2.0684122990408875
2022-11-01,1592492.788391191,27.45677221364122,5800000.000000002,666794.4708509685,71.93423721467428,47965.35163962678,23856.45676844503,24788.923298941063,16945.310308602842,72754.27493856785,4.568577984712103,1.2543840506649628,16908.523257299952,12172.976594513704,64873.87489692673,4.073731157204503,1.1185150844297713
2022-12-01,1753295.347661377,30.2292301320927,5800000.000000001,684867.8054179829,58.67446186582792,40184.24993213069,15300.37474842033,7366.40559263785,5827.320136760776,47550.65552476854,2.71207333026884,0.8198388883580783,8292.380627942985,6363.166067544689,48476.630560073674,2.7648867388334746,0.8358039751736841
2023-01-01,1777748.910308328,30.65084328117808,5799999.999999998,687542.4261648942,72.04954538071699,49537.11923513581,15300.37474842033,11096.669715974696,8788.168743317015,60633.78895111051,3.4107060113789833,1.0454101543294916,12575.470541531547,9650.262479993007,62112.58977666736,3.493889908552649,1.070906720287368
2023-02-01,1646744.635164458,28.39214888214583,5800000.0,672989.9858206847,106.91542944662525,71953.01334729674,13961.64104842657,16536.83806231124,13068.75586965059,88489.85140960797,5.373623178725014,1.5256870932691031,18511.40587629169,14203.065908042963,90464.41922358843,5.493530526337732,1.5597313659239385
2023-03-01,1386265.602913284,23.90113108471179,5800000.000000001,642221.4813758596,186.5507521068128,119806.90036981807,39645.59401279376,29930.055034867746,23059.855410145345,149736.9554046858,10.801462222680023,2.581671644908376,35407.77435046032,26260.10096171832,155214.6747202784,11.19660434436875,2.67611508138411
2023-04-01,1042901.972129751,17.98106848499571,5799999.999999999,596828.6299811373,270.792266663729,161616.57752240016,38983.86855266576,23852.707584047846,16839.156677744242,185469.285106448,17.78396149042598,3.1977462949387587,29489.72799821072,19716.188735466978,191106.30552061088,18.324474459506984,3.294936302079498
2023-05-01,701256.901225201,12.09063622802071,5799999.999999998,543401.1452670292,377.3992352556661,205079.17666082992,35943.36071921197,38010.44067498008,27153.98708887325,243089.61733581,34.66484492503332,4.191200298893276,35394.435062462544,24180.383595870677,240473.61172329247,34.29179966758958,4.1460967538498705
2023-06-01,435622.1893370788,7.510727402363427,5800000.0,491839.9444109094,393.9514119852696,193761.04057143428,33964.59967904215,46923.76324782235,36185.58103222729,240684.80381925663,55.25081359733443,4.149737996883736,42109.53977678198,29011.265669422886,235870.58034821626,54.14567625840168,4.066734143934763
2023-07-01,306336.4740721913,5.281663346072264,5799999.999999999,460873.08785422775,393.9910017543151,181579.84956529166,35096.75300167689,62221.58813434615,48869.35944836513,243801.4376996378,79.58616042638904,4.203473063786859,52545.421821619326,35995.87399290978,234125.271386911,76.42748781254726,4.036642610119155
2023-08-01,330790.0367191429,5.703276495157636,5800000.000000001,467170.73555581557,317.6687091891853,148405.52453497815,25248.76049010282,25125.1968151927,19596.02061821612,173530.72135017085,52.45947643142197,2.9919089887960495,33054.534153587425,21422.646804499498,181460.05868856556,54.856567171227745,3.1286217015269924
2023-09-01,489874.0361103464,8.446104070868042,5799999.999999999,503435.2721315883,207.51060541562143,104468.15810760402,24652.29406941597,28667.277835862056,17977.666174173268,133135.4359434661,27.177483624275347,2.2954385507494153,21746.107595443496,13769.618541397698,126214.26570304751,25.764636702365905,2.1761080293628883
2023-10-01,728405.5142759434,12.55871576337833,5800000.000000002,548067.9488377203,126.80898583193938,69499.94075910257,29726.70654730305,52428.268877621864,34754.03325638056,121928.20963672444,16.739056369984333,2.102210510978008,21958.263346916385,16038.664708126693,91458.20410601895,12.555946147240677,1.5768655880348095
2023-11-01,1066637.962648224,18.39030970083145,5800000.000000001,600187.4706480503,75.76329128824399,45472.17816626263,20592.31902243522,24692.908519165074,16720.338531029443,70165.0866854277,6.578153894993896,1.2097428738866844,11407.471962642634,8745.772477540286,56879.65012890527,5.332610700231013,0.9806836229121598
2023-12-01,1312056.404184327,22.62166214110909,5799999.999999998,632935.6461712001,57.33352879482205,36288.4340950258,17643.56058151639,8116.075224299054,6223.496057455491,44404.509319324854,3.3843445432462214,0.7655949882642217,7393.409247620043,5946.75668194107,43681.84334264584,3.3292656629195574,0.7531352300456179
2024-01-01,1395899.284438706,24.06722904204666,5799999.999999999,643408.5355753823,70.56209545061029,45400.25450100751,17643.56058151639,11818.870926837682,9085.962846450306,57219.125427845196,4.099086951739009,0.9865366453076758,10824.677525255915,8707.617467136757,56224.93202626343,4.027864520961596,0.9693953797631626
2024-02-01,1293516.075915276,22.30200130888408,5799999.999999998,630574.9633797635,107.42999527359656,67742.66533553632,16662.19348612921,17765.216487123602,13597.976025833384,85507.88182265993,6.610500125570964,1.4742738245286195,16323.90949252162,13121.713173494152,84066.57482805794,6.4990746070607175,1.4494237039320335
2024-03-01,1030454.418768303,17.76645549600522,5800000.000000001,595051.9139582484,187.6498021904596,111661.3739473197,29502.05160489809,35588.86496016269,26979.411396960946,147250.2389074824,14.289835263503441,2.5387972225427995,32093.198404578932,24975.407155428777,143754.57235189865,13.950599826019259,2.4785271095154937
2024-04-01,673681.6421269712,11.61520072632709,5799999.999999999,538567.5660248114,275.686589170495,148475.8553152356,29631.59955134524,26456.589219586524,18331.392336696874,174932.4445348221,25.966633732592044,3.016076629910726,23471.315126140173,16470.944892772324,171947.17044137575,25.523505419933688,2.9646063869202717
2024-05-01,317207.9030383666,5.469101776523561,5800000.000000001,463702.77549560805,377.5458223410729,175069.04569632723,44426.96740740011,43824.559396067314,30468.77771092538,218893.60509239454,69.00635292996441,3.774027674006802,41951.8728241754,30310.725828335537,217020.91852050263,68.4159872568666,3.741739974491425
2024-06-01,290000.0,5.0,5800000.0,456524.7584249853,390.15029969342504,178113.27131697646,86310.79618174973,77747.39758381191,54891.778509953656,255860.66890078835,88.22781686234082,4.41139084311704,88539.182281719,64316.75534884146,266652.45359869546,91.94912193058464,4.597456096529232
2024-07-01,290000.0,5.0,5800000.0,456524.7584249853,380.3889613770671,173656.97870019663,85971.1765611414,97467.09291813974,69330.92846045984,271124.07161833637,93.49105917873668,4.674552958936834,121050.39203045264,87630.82427381293,294707.3707306493,101.62323128643078,5.0811615643215395
2024-08-01,290000.0,5.0,5800000.0,456524.7584249853,302.2177577767794,137969.88886078494,65212.50202842534,44962.42693609398,30865.382889609624,182932.31579687892,63.0801088954755,3.154005444773775,73378.1788779435,52454.106479075315,211348.06773872842,72.87864404783738,3.643932202391869
2024-09-01,290000.0,5.0,5800000.0,456524.7584249853,208.69131607173873,95272.75265504276,41270.89188392062,36401.24378364204,22891.018284882924,131673.99643868482,45.40482635816718,2.2702413179083587,38951.87754095998,26357.068352764458,134224.63019600272,46.28435524000094,2.314217762000047
2024-10-01,618957.7699779992,10.67168568927585,5799999.999999998,528672.8227784222,132.2053285373056,69893.36422416604,40854.13112896829,50767.360084480686,33818.032352211645,120660.72430864672,19.49417717349854,2.0803573156663226,35441.51628296859,24683.64307827365,105334.88050713463,17.018104564852422,1.8161186294333556
2024-11-01,1010762.950363216,17.42694742005544,5800000.000000002,592219.1683621588,72.7241358127903,43068.627230907354,24322.79431329965,17713.46931305287,12208.919644736154,60782.09654396022,6.013486794516783,1.0479671817924177,13283.904964032454,9562.799799664363,56352.532194939806,5.575247111569495,0.9715953826713759
2024-12-01,1315493.284374106,22.68091869610528,5799999.999999999,633371.4169075026,57.53718242649869,36442.40675833693,15602.47127287088,6427.812161487754,5135.187286913635,42870.218919824685,3.258870222224035,0.7391417055142188,7881.243651717552,6029.720692809675,44323.650410054484,3.3693558862326753,0.7642008691388704
2025-01-01,1476102.186261705,25.45003769416732,5800000.000000001,653136.2126735516,69.42850613814817,45346.27155065252,15602.47127287088,9427.882691304449,7611.972044461833,54774.15424195697,3.7107291589801767,0.9443819696889132,12213.92646030044,9344.994318579269,57560.19801095296,3.899472444839794,0.9924172070853958
2025-02-01,1467463.665768202,25.30109768565866,5799999.999999998,652101.3755436456,105.13226706699989,68556.89596841254,14234.50242534965,13291.258269849232,10731.366867315372,81848.15423826178,5.5775250963651715,1.411175073073479,17237.213603169395,13186.251727106079,85794.10957158194,5.846421384932186,1.4792087857169298
2025-03-01,1304899.172416306,22.49826159338458,5800000.000000002,632026.3269796304,185.34334475361695,117141.87341474787,41113.26803536462,30044.828700792517,23447.67555267116,147186.7021155404,11.27954597771658,2.5377017606127654,45447.21084059454,33504.71708342232,162589.0842553424,12.459896342356718,2.8032600733679724
2025-04-01,1065064.373425185,18.36317885215837,5799999.999999997,599965.9586946091,279.7993049619799,167870.05824359957,47949.45337230206,17528.450413702132,12641.10493901962,185398.50865730172,17.407258498476565,3.196526011332788,36249.62950722952,25148.713919459133,204119.6877508291,19.165009443926103,3.519304961221191
2025-05-01,822778.4392502898,14.18583515948776,5799999.999999997,563648.6151708178,361.69682769146465,203869.91603997195,50404.42988468154,31999.309646054808,23458.712636424392,235869.22568602677,28.66740478772745,4.066710787690117,48154.39970430202,34642.99576883984,252024.31574427398,30.6308847827754,4.3452468231771375
2025-06-01,667567.3514497197,11.50978192154689,5800000.000000001,537482.4865449655,387.2542441542942,208142.37407314123,45701.73786787076,32824.65726732721,25786.14023876661,240967.03134046844,36.09628763557317,4.154603988628766,57446.10243403196,41398.35938464353,265588.47650717315,39.78452150639319,4.579111663916779
2025-07-01,656477.6957724419,11.31858096159383,5799999.999999998,535501.6915264298,390.23956255755274,208973.94585010354,47225.12913013312,40700.29996236549,31549.803716174363,249674.24581246905,38.03240344954764,4.304728376077053,72388.23564947686,51729.27537895361,281362.1814995804,42.859366481372476,4.851072094820351
2025-08-01,817086.5976600407,14.08769995965588,5799999.999999997,562735.0943484972,316.4422394918432,178073.15349629216,37146.11455727158,27039.119811308163,20822.84328522844,205112.27330760032,25.10288063651974,3.5364185053034536,48537.26141277948,33936.2845871717,226610.41490907164,27.733953238008656,3.9070761191219248
2025-09-01,1124268.066854707,19.38393218715012,5800000.0,608190.310874686,211.74699010003897,128782.46773572176,36933.33191903993,27083.298868369784,17240.600269519775,155865.76660409154,13.863754668417048,2.6873408035188198,30989.85836250773,21491.36421201734,159772.3260982295,14.211230471502615,2.7546952775556814
2025-10-01,1513622.112056148,26.0969329664853,5800000.000000002,657596.1011193746,126.90038884424006,83449.20093450483,28964.26648656902,66116.38845362487,42500.45149022815,149565.5893881297,9.88130314672501,2.5787170584160295,19305.15519714231,13715.74700555499,102754.35613164713,6.788639998926988,1.7716268298559852
2025-11-01,,,,,75.92024237104515,,10696.95140643122,50508.49502749501,33455.49289174768,50508.49502749501,,0.870836121163707,6109.322682103022,4420.557794933456,6109.322682103022,,0.10533314969143141
2025-12-01,,,,,56.42453174681471,,511.8547887773723,30913.56034616231,20912.206745219173,30913.56034616231,,0.5329924197614191,1538.9546946864987,1107.078756558647,1538.9546946864987,,0.026533701632525837
