month,irrigation_m3_baseline,max_delivery_m3_assumed,notes
2000-01-01,353574.25989492546,406610.0,Tez paketindeki fiziksel ürün/parsel verisine ölçeklenmiş varsayımsal teslim kapasitesi: max delivery = 1.15 * aylık baz sulama talebi.
2000-02-01,334409.3502759479,384571.0,Tez paketindeki fiziksel ürün/parsel verisine ölçeklenmiş varsayımsal teslim kapasitesi: max delivery = 1.15 * aylık baz sulama talebi.
2000-03-01,935535.5187249947,1075866.0,Tez paketindeki fiziksel ürün/parsel verisine ölçeklenmiş varsayımsal teslim kapasitesi: max delivery = 1.15 * aylık baz sulama talebi.
2000-04-01,1107162.488239888,1273237.0,Tez paketindeki fiziksel ürün/parsel verisine ölçeklenmiş varsayımsal teslim kapasitesi: max delivery = 1.15 * aylık baz sulama talebi.
2000-05-01,1206787.857727744,1387806.0,Tez paketindeki fiziksel ürün/parsel verisine ölçeklenmiş varsayımsal teslim kapasitesi: max delivery = 1.15 * aylık baz sulama talebi.
2000-06-01,1076050.6384526116,1237458.0,Tez paketindeki fiziksel ürün/parsel verisine ölçeklenmiş varsayımsal teslim kapasitesi: max delivery = 1.15 * aylık baz sulama talebi.
2000-07-01,1111918.9930676983,1278707.0,Tez paketindeki fiziksel ürün/parsel verisine ölçeklenmiş varsayımsal teslim kapasitesi: max delivery = 1.15 * aylık baz sulama talebi.
2000-08-01,901388.6760573934,1036597.0,Tez paketindeki fiziksel ürün/parsel verisine ölçeklenmiş varsayımsal teslim kapasitesi: max delivery = 1.15 * aylık baz sulama talebi.
2000-09-01,902103.9575085852,1037420.0,Tez paketindeki fiziksel ürün/parsel verisine ölçeklenmiş varsayımsal teslim kapasitesi: max delivery = 1.15 * aylık baz sulama talebi.
2000-10-01,945119.5704637705,1086888.0,Tez paketindeki fiziksel ürün/parsel verisine ölçeklenmiş varsayımsal teslim kapasitesi: max delivery = 1.15 * aylık baz sulama talebi.
2000-11-01,505059.2333845432,580818.0,Tez paketindeki fiziksel ürün/parsel verisine ölçeklenmiş varsayımsal teslim kapasitesi: max delivery = 1.15 * aylık baz sulama talebi.
2000-12-01,273007.75240349356,313959.0,Tez paketindeki fiziksel ürün/parsel verisine ölçeklenmiş varsayımsal teslim kapasitesi: max delivery = 1.15 * aylık baz sulama talebi.
2001-01-01,273007.75240349356,313959.0,Tez paketindeki fiziksel ürün/parsel verisine ölçeklenmiş varsayımsal teslim kapasitesi: max delivery = 1.15 * aylık baz sulama talebi.
2001-02-01,249885.92123229126,287369.0,Tez paketindeki fiziksel ürün/parsel verisine ölçeklenmiş varsayımsal teslim kapasitesi: max delivery = 1.15 * aylık baz sulama talebi.
2001-03-01,451982.9720645031,519780.0,Tez paketindeki fiziksel ürün/parsel verisine ölçeklenmiş varsayımsal teslim kapasitesi: max delivery = 1.15 * aylık baz sulama talebi.
2001-04-01,445433.7374427692,512249.0,Tez paketindeki fiziksel ürün/parsel verisine ölçeklenmiş varsayımsal teslim kapasitesi: max delivery = 1.15 * aylık baz sulama talebi.
2001-05-01,460281.5286908615,529324.0,Tez paketindeki fiziksel ürün/parsel verisine ölçeklenmiş varsayımsal teslim kapasitesi: max delivery = 1.15 * aylık baz sulama talebi.
2001-06-01,2180884.3960118587,2508017.0,Tez paketindeki fiziksel ürün/parsel verisine ölçeklenmiş varsayımsal teslim kapasitesi: max delivery = 1.15 * aylık baz sulama talebi.
2001-07-01,2250277.5242334534,2587819.0,Tez paketindeki fiziksel ürün/parsel verisine ölçeklenmiş varsayımsal teslim kapasitesi: max delivery = 1.15 * aylık baz sulama talebi.
2001-08-01,1610849.036423828,1852476.0,Tez paketindeki fiziksel ürün/parsel verisine ölçeklenmiş varsayımsal teslim kapasitesi: max delivery = 1.15 * aylık baz sulama talebi.
2001-09-01,634234.8729817703,729370.0,Tez paketindeki fiziksel ürün/parsel verisine ölçeklenmiş varsayımsal teslim kapasitesi: max delivery = 1.15 * aylık baz sulama talebi.
2001-10-01,839560.7188180605,965495.0,Tez paketindeki fiziksel ürün/parsel verisine ölçeklenmiş varsayımsal teslim kapasitesi: max delivery = 1.15 * aylık baz sulama talebi.
2001-11-01,472828.0757471946,543752.0,Tez paketindeki fiziksel ürün/parsel verisine ölçeklenmiş varsayımsal teslim kapasitesi: max delivery = 1.15 * aylık baz sulama talebi.
2001-12-01,273627.61927217676,314672.0,Tez paketindeki fiziksel ürün/parsel verisine ölçeklenmiş varsayımsal teslim kapasitesi: max delivery = 1.15 * aylık baz sulama talebi.
2002-01-01,273627.61927217676,314672.0,Tez paketindeki fiziksel ürün/parsel verisine ölçeklenmiş varsayımsal teslim kapasitesi: max delivery = 1.15 * aylık baz sulama talebi.
2002-02-01,250445.8009846503,288013.0,Tez paketindeki fiziksel ürün/parsel verisine ölçeklenmiş varsayımsal teslim kapasitesi: max delivery = 1.15 * aylık baz sulama talebi.
2002-03-01,525697.2636170423,604552.0,Tez paketindeki fiziksel ürün/parsel verisine ölçeklenmiş varsayımsal teslim kapasitesi: max delivery = 1.15 * aylık baz sulama talebi.
2002-04-01,699527.6225025624,804457.0,Tez paketindeki fiziksel ürün/parsel verisine ölçeklenmiş varsayımsal teslim kapasitesi: max delivery = 1.15 * aylık baz sulama talebi.
2002-05-01,1167831.5040840677,1343006.0,Tez paketindeki fiziksel ürün/parsel verisine ölçeklenmiş varsayımsal teslim kapasitesi: max delivery = 1.15 * aylık baz sulama talebi.
2002-06-01,1130781.2077197805,1300398.0,Tez paketindeki fiziksel ürün/parsel verisine ölçeklenmiş varsayımsal teslim kapasitesi: max delivery = 1.15 * aylık baz sulama talebi.
2002-07-01,1168473.914643773,1343745.0,Tez paketindeki fiziksel ürün/parsel verisine ölçeklenmiş varsayımsal teslim kapasitesi: max delivery = 1.15 * aylık baz sulama talebi.
2002-08-01,1133070.8074829618,1303031.0,Tez paketindeki fiziksel ürün/parsel verisine ölçeklenmiş varsayımsal teslim kapasitesi: max delivery = 1.15 * aylık baz sulama talebi.
2002-09-01,1279137.525599035,1471008.0,Tez paketindeki fiziksel ürün/parsel verisine ölçeklenmiş varsayımsal teslim kapasitesi: max delivery = 1.15 * aylık baz sulama talebi.
2002-10-01,1278535.6705228186,1470316.0,Tez paketindeki fiziksel ürün/parsel verisine ölçeklenmiş varsayımsal teslim kapasitesi: max delivery = 1.15 * aylık baz sulama talebi.
2002-11-01,741285.312559732,852478.0,Tez paketindeki fiziksel ürün/parsel verisine ölçeklenmiş varsayımsal teslim kapasitesi: max delivery = 1.15 * aylık baz sulama talebi.
2002-12-01,390555.31178412907,449139.0,Tez paketindeki fiziksel ürün/parsel verisine ölçeklenmiş varsayımsal teslim kapasitesi: max delivery = 1.15 * aylık baz sulama talebi.
2003-01-01,390555.31178412907,449139.0,Tez paketindeki fiziksel ürün/parsel verisine ölçeklenmiş varsayımsal teslim kapasitesi: max delivery = 1.15 * aylık baz sulama talebi.
2003-02-01,356057.91035028454,409467.0,Tez paketindeki fiziksel ürün/parsel verisine ölçeklenmiş varsayımsal teslim kapasitesi: max delivery = 1.15 * aylık baz sulama talebi.
2003-03-01,738265.1762928258,849005.0,Tez paketindeki fiziksel ürün/parsel verisine ölçeklenmiş varsayımsal teslim kapasitesi: max delivery = 1.15 * aylık baz sulama talebi.
2003-04-01,736533.5976955505,847014.0,Tez paketindeki fiziksel ürün/parsel verisine ölçeklenmiş varsayımsal teslim kapasitesi: max delivery = 1.15 * aylık baz sulama talebi.
2003-05-01,737534.9338897659,848165.0,Tez paketindeki fiziksel ürün/parsel verisine ölçeklenmiş varsayımsal teslim kapasitesi: max delivery = 1.15 * aylık baz sulama talebi.
2003-06-01,1715714.5092144392,1973072.0,Tez paketindeki fiziksel ürün/parsel verisine ölçeklenmiş varsayımsal teslim kapasitesi: max delivery = 1.15 * aylık baz sulama talebi.
2003-07-01,1727765.81312243,1986931.0,Tez paketindeki fiziksel ürün/parsel verisine ölçeklenmiş varsayımsal teslim kapasitesi: max delivery = 1.15 * aylık baz sulama talebi.
2003-08-01,1292499.091490207,1486374.0,Tez paketindeki fiziksel ürün/parsel verisine ölçeklenmiş varsayımsal teslim kapasitesi: max delivery = 1.15 * aylık baz sulama talebi.
2003-09-01,721746.9014710054,830009.0,Tez paketindeki fiziksel ürün/parsel verisine ölçeklenmiş varsayımsal teslim kapasitesi: max delivery = 1.15 * aylık baz sulama talebi.
2003-10-01,872886.6695419635,1003820.0,Tez paketindeki fiziksel ürün/parsel verisine ölçeklenmiş varsayımsal teslim kapasitesi: max delivery = 1.15 * aylık baz sulama talebi.
2003-11-01,443823.2431213002,510397.0,Tez paketindeki fiziksel ürün/parsel verisine ölçeklenmiş varsayımsal teslim kapasitesi: max delivery = 1.15 * aylık baz sulama talebi.
2003-12-01,284587.29131856636,327275.0,Tez paketindeki fiziksel ürün/parsel verisine ölçeklenmiş varsayımsal teslim kapasitesi: max delivery = 1.15 * aylık baz sulama talebi.
2004-01-01,284587.29131856636,327275.0,Tez paketindeki fiziksel ürün/parsel verisine ölçeklenmiş varsayımsal teslim kapasitesi: max delivery = 1.15 * aylık baz sulama talebi.
2004-02-01,269873.1538658055,310354.0,Tez paketindeki fiziksel ürün/parsel verisine ölçeklenmiş varsayımsal teslim kapasitesi: max delivery = 1.15 * aylık baz sulama talebi.
2004-03-01,507339.4921880007,583440.0,Tez paketindeki fiziksel ürün/parsel verisine ölçeklenmiş varsayımsal teslim kapasitesi: max delivery = 1.15 * aylık baz sulama talebi.
2004-04-01,900323.7466217931,1035372.0,Tez paketindeki fiziksel ürün/parsel verisine ölçeklenmiş varsayımsal teslim kapasitesi: max delivery = 1.15 * aylık baz sulama talebi.
2004-05-01,950315.8264850874,1092863.0,Tez paketindeki fiziksel ürün/parsel verisine ölçeklenmiş varsayımsal teslim kapasitesi: max delivery = 1.15 * aylık baz sulama talebi.
2004-06-01,1073796.1728750067,1234866.0,Tez paketindeki fiziksel ürün/parsel verisine ölçeklenmiş varsayımsal teslim kapasitesi: max delivery = 1.15 * aylık baz sulama talebi.
2004-07-01,1106764.1926650906,1272779.0,Tez paketindeki fiziksel ürün/parsel verisine ölçeklenmiş varsayımsal teslim kapasitesi: max delivery = 1.15 * aylık baz sulama talebi.
2004-08-01,1047070.1311859726,1204131.0,Tez paketindeki fiziksel ürün/parsel verisine ölçeklenmiş varsayımsal teslim kapasitesi: max delivery = 1.15 * aylık baz sulama talebi.
2004-09-01,690348.7345441128,793901.0,Tez paketindeki fiziksel ürün/parsel verisine ölçeklenmiş varsayımsal teslim kapasitesi: max delivery = 1.15 * aylık baz sulama talebi.
2004-10-01,890138.5451606938,1023659.0,Tez paketindeki fiziksel ürün/parsel verisine ölçeklenmiş varsayımsal teslim kapasitesi: max delivery = 1.15 * aylık baz sulama talebi.
2004-11-01,604459.0431835258,695128.0,Tez paketindeki fiziksel ürün/parsel verisine ölçeklenmiş varsayımsal teslim kapasitesi: max delivery = 1.15 * aylık baz sulama talebi.
2004-12-01,430251.8114684811,494790.0,Tez paketindeki fiziksel ürün/parsel verisine ölçeklenmiş varsayımsal teslim kapasitesi: max delivery = 1.15 * aylık baz sulama talebi.
2005-01-01,430251.8114684811,494790.0,Tez paketindeki fiziksel ürün/parsel verisine ölçeklenmiş varsayımsal teslim kapasitesi: max delivery = 1.15 * aylık baz sulama talebi.
2005-02-01,391912.8132909898,450700.0,Tez paketindeki fiziksel ürün/parsel verisine ölçeklenmiş varsayımsal teslim kapasitesi: max delivery = 1.15 * aylık baz sulama talebi.
2005-03-01,701569.1677796232,806805.0,Tez paketindeki fiziksel ürün/parsel verisine ölçeklenmiş varsayımsal teslim kapasitesi: max delivery = 1.15 * aylık baz sulama talebi.
2005-04-01,790730.746321325,909340.0,Tez paketindeki fiziksel ürün/parsel verisine ölçeklenmiş varsayımsal teslim kapasitesi: max delivery = 1.15 * aylık baz sulama talebi.
2005-05-01,946809.6626683128,1088831.0,Tez paketindeki fiziksel ürün/parsel verisine ölçeklenmiş varsayımsal teslim kapasitesi: max delivery = 1.15 * aylık baz sulama talebi.
2005-06-01,1909241.9245609972,2195628.0,Tez paketindeki fiziksel ürün/parsel verisine ölçeklenmiş varsayımsal teslim kapasitesi: max delivery = 1.15 * aylık baz sulama talebi.
2005-07-01,1888422.0797006877,2171685.0,Tez paketindeki fiziksel ürün/parsel verisine ölçeklenmiş varsayımsal teslim kapasitesi: max delivery = 1.15 * aylık baz sulama talebi.
2005-08-01,1409695.8569401032,1621150.0,Tez paketindeki fiziksel ürün/parsel verisine ölçeklenmiş varsayımsal teslim kapasitesi: max delivery = 1.15 * aylık baz sulama talebi.
2005-09-01,871024.234018249,1001678.0,Tez paketindeki fiziksel ürün/parsel verisine ölçeklenmiş varsayımsal teslim kapasitesi: max delivery = 1.15 * aylık baz sulama talebi.
2005-10-01,1142448.0919568047,1313815.0,Tez paketindeki fiziksel ürün/parsel verisine ölçeklenmiş varsayımsal teslim kapasitesi: max delivery = 1.15 * aylık baz sulama talebi.
2005-11-01,659010.3642029373,757862.0,Tez paketindeki fiziksel ürün/parsel verisine ölçeklenmiş varsayımsal teslim kapasitesi: max delivery = 1.15 * aylık baz sulama talebi.
2005-12-01,355516.97560863395,408845.0,Tez paketindeki fiziksel ürün/parsel verisine ölçeklenmiş varsayımsal teslim kapasitesi: max delivery = 1.15 * aylık baz sulama talebi.
2006-01-01,355516.97560863395,408845.0,Tez paketindeki fiziksel ürün/parsel verisine ölçeklenmiş varsayımsal teslim kapasitesi: max delivery = 1.15 * aylık baz sulama talebi.
2006-02-01,324410.38090145035,373072.0,Tez paketindeki fiziksel ürün/parsel verisine ölçeklenmiş varsayımsal teslim kapasitesi: max delivery = 1.15 * aylık baz sulama talebi.
2006-03-01,784978.3478339132,902725.0,Tez paketindeki fiziksel ürün/parsel verisine ölçeklenmiş varsayımsal teslim kapasitesi: max delivery = 1.15 * aylık baz sulama talebi.
2006-04-01,909142.6223426021,1045514.0,Tez paketindeki fiziksel ürün/parsel verisine ölçeklenmiş varsayımsal teslim kapasitesi: max delivery = 1.15 * aylık baz sulama talebi.
2006-05-01,856235.858475786,984671.0,Tez paketindeki fiziksel ürün/parsel verisine ölçeklenmiş varsayımsal teslim kapasitesi: max delivery = 1.15 * aylık baz sulama talebi.
2006-06-01,887722.2213161354,1020881.0,Tez paketindeki fiziksel ürün/parsel verisine ölçeklenmiş varsayımsal teslim kapasitesi: max delivery = 1.15 * aylık baz sulama talebi.
2006-07-01,917312.962026673,1054910.0,Tez paketindeki fiziksel ürün/parsel verisine ölçeklenmiş varsayımsal teslim kapasitesi: max delivery = 1.15 * aylık baz sulama talebi.
2006-08-01,866095.9984484229,996010.0,Tez paketindeki fiziksel ürün/parsel verisine ölçeklenmiş varsayımsal teslim kapasitesi: max delivery = 1.15 * aylık baz sulama talebi.
2006-09-01,547764.8105113857,629930.0,Tez paketindeki fiziksel ürün/parsel verisine ölçeklenmiş varsayımsal teslim kapasitesi: max delivery = 1.15 * aylık baz sulama talebi.
2006-10-01,704233.0343185086,809868.0,Tez paketindeki fiziksel ürün/parsel verisine ölçeklenmiş varsayımsal teslim kapasitesi: max delivery = 1.15 * aylık baz sulama talebi.
2006-11-01,533624.6729638244,613668.0,Tez paketindeki fiziksel ürün/parsel verisine ölçeklenmiş varsayımsal teslim kapasitesi: max delivery = 1.15 * aylık baz sulama talebi.
2006-12-01,466945.9750168754,536988.0,Tez paketindeki fiziksel ürün/parsel verisine ölçeklenmiş varsayımsal teslim kapasitesi: max delivery = 1.15 * aylık baz sulama talebi.
2007-01-01,466945.9750168754,536988.0,Tez paketindeki fiziksel ürün/parsel verisine ölçeklenmiş varsayımsal teslim kapasitesi: max delivery = 1.15 * aylık baz sulama talebi.
2007-02-01,425055.9287540557,488814.0,Tez paketindeki fiziksel ürün/parsel verisine ölçeklenmiş varsayımsal teslim kapasitesi: max delivery = 1.15 * aylık baz sulama talebi.
2007-03-01,788278.2316942248,906520.0,Tez paketindeki fiziksel ürün/parsel verisine ölçeklenmiş varsayımsal teslim kapasitesi: max delivery = 1.15 * aylık baz sulama talebi.
2007-04-01,1115778.3415091548,1283145.0,Tez paketindeki fiziksel ürün/parsel verisine ölçeklenmiş varsayımsal teslim kapasitesi: max delivery = 1.15 * aylık baz sulama talebi.
2007-05-01,1219864.9153744082,1402845.0,Tez paketindeki fiziksel ürün/parsel verisine ölçeklenmiş varsayımsal teslim kapasitesi: max delivery = 1.15 * aylık baz sulama talebi.
2007-06-01,1622291.6704334489,1865635.0,Tez paketindeki fiziksel ürün/parsel verisine ölçeklenmiş varsayımsal teslim kapasitesi: max delivery = 1.15 * aylık baz sulama talebi.
2007-07-01,1599047.3398259298,1838904.0,Tez paketindeki fiziksel ürün/parsel verisine ölçeklenmiş varsayımsal teslim kapasitesi: max delivery = 1.15 * aylık baz sulama talebi.
2007-08-01,1375525.014523951,1581854.0,Tez paketindeki fiziksel ürün/parsel verisine ölçeklenmiş varsayımsal teslim kapasitesi: max delivery = 1.15 * aylık baz sulama talebi.
2007-09-01,696304.0679617377,800750.0,Tez paketindeki fiziksel ürün/parsel verisine ölçeklenmiş varsayımsal teslim kapasitesi: max delivery = 1.15 * aylık baz sulama talebi.
2007-10-01,688587.4549895899,791876.0,Tez paketindeki fiziksel ürün/parsel verisine ölçeklenmiş varsayımsal teslim kapasitesi: max delivery = 1.15 * aylık baz sulama talebi.
2007-11-01,403142.212387587,463614.0,Tez paketindeki fiziksel ürün/parsel verisine ölçeklenmiş varsayımsal teslim kapasitesi: max delivery = 1.15 * aylık baz sulama talebi.
2007-12-01,275782.3179236108,317150.0,Tez paketindeki fiziksel ürün/parsel verisine ölçeklenmiş varsayımsal teslim kapasitesi: max delivery = 1.15 * aylık baz sulama talebi.
2008-01-01,275782.3179236108,317150.0,Tez paketindeki fiziksel ürün/parsel verisine ölçeklenmiş varsayımsal teslim kapasitesi: max delivery = 1.15 * aylık baz sulama talebi.
2008-02-01,261636.24327052437,300882.0,Tez paketindeki fiziksel ürün/parsel verisine ölçeklenmiş varsayımsal teslim kapasitesi: max delivery = 1.15 * aylık baz sulama talebi.
2008-03-01,599997.1411344844,689997.0,Tez paketindeki fiziksel ürün/parsel verisine ölçeklenmiş varsayımsal teslim kapasitesi: max delivery = 1.15 * aylık baz sulama talebi.
2008-04-01,852937.1632989806,980878.0,Tez paketindeki fiziksel ürün/parsel verisine ölçeklenmiş varsayımsal teslim kapasitesi: max delivery = 1.15 * aylık baz sulama talebi.
2008-05-01,1068593.3221176455,1228882.0,Tez paketindeki fiziksel ürün/parsel verisine ölçeklenmiş varsayımsal teslim kapasitesi: max delivery = 1.15 * aylık baz sulama talebi.
2008-06-01,1560025.684565385,1794030.0,Tez paketindeki fiziksel ürün/parsel verisine ölçeklenmiş varsayımsal teslim kapasitesi: max delivery = 1.15 * aylık baz sulama talebi.
2008-07-01,1606539.5530217388,1847520.0,Tez paketindeki fiziksel ürün/parsel verisine ölçeklenmiş varsayımsal teslim kapasitesi: max delivery = 1.15 * aylık baz sulama talebi.
2008-08-01,1177781.1662237197,1354448.0,Tez paketindeki fiziksel ürün/parsel verisine ölçeklenmiş varsayımsal teslim kapasitesi: max delivery = 1.15 * aylık baz sulama talebi.
2008-09-01,990403.8082716645,1138964.0,Tez paketindeki fiziksel ürün/parsel verisine ölçeklenmiş varsayımsal teslim kapasitesi: max delivery = 1.15 * aylık baz sulama talebi.
2008-10-01,1214102.4711223892,1396218.0,Tez paketindeki fiziksel ürün/parsel verisine ölçeklenmiş varsayımsal teslim kapasitesi: max delivery = 1.15 * aylık baz sulama talebi.
2008-11-01,672812.9256282222,773735.0,Tez paketindeki fiziksel ürün/parsel verisine ölçeklenmiş varsayımsal teslim kapasitesi: max delivery = 1.15 * aylık baz sulama talebi.
2008-12-01,309497.74903218774,355922.0,Tez paketindeki fiziksel ürün/parsel verisine ölçeklenmiş varsayımsal teslim kapasitesi: max delivery = 1.15 * aylık baz sulama talebi.
2009-01-01,309497.74903218774,355922.0,Tez paketindeki fiziksel ürün/parsel verisine ölçeklenmiş varsayımsal teslim kapasitesi: max delivery = 1.15 * aylık baz sulama talebi.
2009-02-01,282844.6278646602,325271.0,Tez paketindeki fiziksel ürün/parsel verisine ölçeklenmiş varsayımsal teslim kapasitesi: max delivery = 1.15 * aylık baz sulama talebi.
2009-03-01,1006264.7029885945,1157204.0,Tez paketindeki fiziksel ürün/parsel verisine ölçeklenmiş varsayımsal teslim kapasitesi: max delivery = 1.15 * aylık baz sulama talebi.
2009-04-01,1349244.1346063137,1551631.0,Tez paketindeki fiziksel ürün/parsel verisine ölçeklenmiş varsayımsal teslim kapasitesi: max delivery = 1.15 * aylık baz sulama talebi.
2009-05-01,1366772.4788099835,1571788.0,Tez paketindeki fiziksel ürün/parsel verisine ölçeklenmiş varsayımsal teslim kapasitesi: max delivery = 1.15 * aylık baz sulama talebi.
2009-06-01,1118341.537934628,1286093.0,Tez paketindeki fiziksel ürün/parsel verisine ölçeklenmiş varsayımsal teslim kapasitesi: max delivery = 1.15 * aylık baz sulama talebi.
2009-07-01,1152316.5708869817,1325164.0,Tez paketindeki fiziksel ürün/parsel verisine ölçeklenmiş varsayımsal teslim kapasitesi: max delivery = 1.15 * aylık baz sulama talebi.
2009-08-01,788931.1085004078,907271.0,Tez paketindeki fiziksel ürün/parsel verisine ölçeklenmiş varsayımsal teslim kapasitesi: max delivery = 1.15 * aylık baz sulama talebi.
2009-09-01,618414.3808687575,711177.0,Tez paketindeki fiziksel ürün/parsel verisine ölçeklenmiş varsayımsal teslim kapasitesi: max delivery = 1.15 * aylık baz sulama talebi.
2009-10-01,755088.7693450681,868352.0,Tez paketindeki fiziksel ürün/parsel verisine ölçeklenmiş varsayımsal teslim kapasitesi: max delivery = 1.15 * aylık baz sulama talebi.
2009-11-01,439070.3837841596,504931.0,Tez paketindeki fiziksel ürün/parsel verisine ölçeklenmiş varsayımsal teslim kapasitesi: max delivery = 1.15 * aylık baz sulama talebi.
2009-12-01,285942.2891190476,328834.0,Tez paketindeki fiziksel ürün/parsel verisine ölçeklenmiş varsayımsal teslim kapasitesi: max delivery = 1.15 * aylık baz sulama talebi.
2010-01-01,285942.2891190476,328834.0,Tez paketindeki fiziksel ürün/parsel verisine ölçeklenmiş varsayımsal teslim kapasitesi: max delivery = 1.15 * aylık baz sulama talebi.
2010-02-01,261568.72858827555,300804.0,Tez paketindeki fiziksel ürün/parsel verisine ölçeklenmiş varsayımsal teslim kapasitesi: max delivery = 1.15 * aylık baz sulama talebi.
2010-03-01,655489.8960189612,753813.0,Tez paketindeki fiziksel ürün/parsel verisine ölçeklenmiş varsayımsal teslim kapasitesi: max delivery = 1.15 * aylık baz sulama talebi.
2010-04-01,665252.4785073624,765040.0,Tez paketindeki fiziksel ürün/parsel verisine ölçeklenmiş varsayımsal teslim kapasitesi: max delivery = 1.15 * aylık baz sulama talebi.
2010-05-01,667013.417871837,767065.0,Tez paketindeki fiziksel ürün/parsel verisine ölçeklenmiş varsayımsal teslim kapasitesi: max delivery = 1.15 * aylık baz sulama talebi.
2010-06-01,1244452.4766347443,1431120.0,Tez paketindeki fiziksel ürün/parsel verisine ölçeklenmiş varsayımsal teslim kapasitesi: max delivery = 1.15 * aylık baz sulama talebi.
2010-07-01,1283201.2168244557,1475681.0,Tez paketindeki fiziksel ürün/parsel verisine ölçeklenmiş varsayımsal teslim kapasitesi: max delivery = 1.15 * aylık baz sulama talebi.
2010-08-01,1010717.8933951346,1162326.0,Tez paketindeki fiziksel ürün/parsel verisine ölçeklenmiş varsayımsal teslim kapasitesi: max delivery = 1.15 * aylık baz sulama talebi.
2010-09-01,715683.2585426901,823036.0,Tez paketindeki fiziksel ürün/parsel verisine ölçeklenmiş varsayımsal teslim kapasitesi: max delivery = 1.15 * aylık baz sulama talebi.
2010-10-01,946267.711445601,1088208.0,Tez paketindeki fiziksel ürün/parsel verisine ölçeklenmiş varsayımsal teslim kapasitesi: max delivery = 1.15 * aylık baz sulama talebi.
2010-11-01,531217.4983333289,610900.0,Tez paketindeki fiziksel ürün/parsel verisine ölçeklenmiş varsayımsal teslim kapasitesi: max delivery = 1.15 * aylık baz sulama talebi.
2010-12-01,354568.8817899443,407754.0,Tez paketindeki fiziksel ürün/parsel verisine ölçeklenmiş varsayımsal teslim kapasitesi: max delivery = 1.15 * aylık baz sulama talebi.
2011-01-01,354568.8817899443,407754.0,Tez paketindeki fiziksel ürün/parsel verisine ölçeklenmiş varsayımsal teslim kapasitesi: max delivery = 1.15 * aylık baz sulama talebi.
2011-02-01,323554.03809747274,372087.0,Tez paketindeki fiziksel ürün/parsel verisine ölçeklenmiş varsayımsal teslim kapasitesi: max delivery = 1.15 * aylık baz sulama talebi.
2011-03-01,732577.9605155872,842465.0,Tez paketindeki fiziksel ürün/parsel verisine ölçeklenmiş varsayımsal teslim kapasitesi: max delivery = 1.15 * aylık baz sulama talebi.
2011-04-01,982843.5620820492,1130270.0,Tez paketindeki fiziksel ürün/parsel verisine ölçeklenmiş varsayımsal teslim kapasitesi: max delivery = 1.15 * aylık baz sulama talebi.
2011-05-01,1112888.888595805,1279822.0,Tez paketindeki fiziksel ürün/parsel verisine ölçeklenmiş varsayımsal teslim kapasitesi: max delivery = 1.15 * aylık baz sulama talebi.
2011-06-01,1541051.3966962828,1772209.0,Tez paketindeki fiziksel ürün/parsel verisine ölçeklenmiş varsayımsal teslim kapasitesi: max delivery = 1.15 * aylık baz sulama talebi.
2011-07-01,1547020.6914939212,1779074.0,Tez paketindeki fiziksel ürün/parsel verisine ölçeklenmiş varsayımsal teslim kapasitesi: max delivery = 1.15 * aylık baz sulama talebi.
2011-08-01,983066.7057962196,1130527.0,Tez paketindeki fiziksel ürün/parsel verisine ölçeklenmiş varsayımsal teslim kapasitesi: max delivery = 1.15 * aylık baz sulama talebi.
2011-09-01,835963.9067390682,961358.0,Tez paketindeki fiziksel ürün/parsel verisine ölçeklenmiş varsayımsal teslim kapasitesi: max delivery = 1.15 * aylık baz sulama talebi.
2011-10-01,1061223.7454238094,1220407.0,Tez paketindeki fiziksel ürün/parsel verisine ölçeklenmiş varsayımsal teslim kapasitesi: max delivery = 1.15 * aylık baz sulama talebi.
2011-11-01,603743.6393366429,694305.0,Tez paketindeki fiziksel ürün/parsel verisine ölçeklenmiş varsayımsal teslim kapasitesi: max delivery = 1.15 * aylık baz sulama talebi.
2011-12-01,304674.3123623227,350375.0,Tez paketindeki fiziksel ürün/parsel verisine ölçeklenmiş varsayımsal teslim kapasitesi: max delivery = 1.15 * aylık baz sulama talebi.
2012-01-01,304674.3123623227,350375.0,Tez paketindeki fiziksel ürün/parsel verisine ölçeklenmiş varsayımsal teslim kapasitesi: max delivery = 1.15 * aylık baz sulama talebi.
2012-02-01,288664.2380680291,331964.0,Tez paketindeki fiziksel ürün/parsel verisine ölçeklenmiş varsayımsal teslim kapasitesi: max delivery = 1.15 * aylık baz sulama talebi.
2012-03-01,487874.1106801596,561055.0,Tez paketindeki fiziksel ürün/parsel verisine ölçeklenmiş varsayımsal teslim kapasitesi: max delivery = 1.15 * aylık baz sulama talebi.
2012-04-01,901114.9339441424,1036282.0,Tez paketindeki fiziksel ürün/parsel verisine ölçeklenmiş varsayımsal teslim kapasitesi: max delivery = 1.15 * aylık baz sulama talebi.
2012-05-01,945863.5707929528,1087743.0,Tez paketindeki fiziksel ürün/parsel verisine ölçeklenmiş varsayımsal teslim kapasitesi: max delivery = 1.15 * aylık baz sulama talebi.
2012-06-01,1519833.2466157484,1747808.0,Tez paketindeki fiziksel ürün/parsel verisine ölçeklenmiş varsayımsal teslim kapasitesi: max delivery = 1.15 * aylık baz sulama talebi.
2012-07-01,1550095.37001079,1782610.0,Tez paketindeki fiziksel ürün/parsel verisine ölçeklenmiş varsayımsal teslim kapasitesi: max delivery = 1.15 * aylık baz sulama talebi.
2012-08-01,1311918.069342102,1508706.0,Tez paketindeki fiziksel ürün/parsel verisine ölçeklenmiş varsayımsal teslim kapasitesi: max delivery = 1.15 * aylık baz sulama talebi.
2012-09-01,675385.3245574456,776693.0,Tez paketindeki fiziksel ürün/parsel verisine ölçeklenmiş varsayımsal teslim kapasitesi: max delivery = 1.15 * aylık baz sulama talebi.
2012-10-01,907299.3383161249,1043394.0,Tez paketindeki fiziksel ürün/parsel verisine ölçeklenmiş varsayımsal teslim kapasitesi: max delivery = 1.15 * aylık baz sulama talebi.
2012-11-01,562536.2837544903,646917.0,Tez paketindeki fiziksel ürün/parsel verisine ölçeklenmiş varsayımsal teslim kapasitesi: max delivery = 1.15 * aylık baz sulama talebi.
2012-12-01,360059.81509752246,414069.0,Tez paketindeki fiziksel ürün/parsel verisine ölçeklenmiş varsayımsal teslim kapasitesi: max delivery = 1.15 * aylık baz sulama talebi.
2013-01-01,360059.81509752246,414069.0,Tez paketindeki fiziksel ürün/parsel verisine ölçeklenmiş varsayımsal teslim kapasitesi: max delivery = 1.15 * aylık baz sulama talebi.
2013-02-01,328513.590762382,377791.0,Tez paketindeki fiziksel ürün/parsel verisine ölçeklenmiş varsayımsal teslim kapasitesi: max delivery = 1.15 * aylık baz sulama talebi.
2013-03-01,819052.8028650458,941911.0,Tez paketindeki fiziksel ürün/parsel verisine ölçeklenmiş varsayımsal teslim kapasitesi: max delivery = 1.15 * aylık baz sulama talebi.
2013-04-01,813695.5877466521,935750.0,Tez paketindeki fiziksel ürün/parsel verisine ölçeklenmiş varsayımsal teslim kapasitesi: max delivery = 1.15 * aylık baz sulama talebi.
2013-05-01,1152023.5747195478,1324827.0,Tez paketindeki fiziksel ürün/parsel verisine ölçeklenmiş varsayımsal teslim kapasitesi: max delivery = 1.15 * aylık baz sulama talebi.
2013-06-01,889542.8126359589,1022974.0,Tez paketindeki fiziksel ürün/parsel verisine ölçeklenmiş varsayımsal teslim kapasitesi: max delivery = 1.15 * aylık baz sulama talebi.
2013-07-01,874584.0741365489,1005772.0,Tez paketindeki fiziksel ürün/parsel verisine ölçeklenmiş varsayımsal teslim kapasitesi: max delivery = 1.15 * aylık baz sulama talebi.
2013-08-01,806779.3374944567,927796.0,Tez paketindeki fiziksel ürün/parsel verisine ölçeklenmiş varsayımsal teslim kapasitesi: max delivery = 1.15 * aylık baz sulama talebi.
2013-09-01,979947.0721030448,1126939.0,Tez paketindeki fiziksel ürün/parsel verisine ölçeklenmiş varsayımsal teslim kapasitesi: max delivery = 1.15 * aylık baz sulama talebi.
2013-10-01,988456.1801790298,1136725.0,Tez paketindeki fiziksel ürün/parsel verisine ölçeklenmiş varsayımsal teslim kapasitesi: max delivery = 1.15 * aylık baz sulama talebi.
2013-11-01,644977.3639048914,741724.0,Tez paketindeki fiziksel ürün/parsel verisine ölçeklenmiş varsayımsal teslim kapasitesi: max delivery = 1.15 * aylık baz sulama talebi.
2013-12-01,455457.6998889185,523776.0,Tez paketindeki fiziksel ürün/parsel verisine ölçeklenmiş varsayımsal teslim kapasitesi: max delivery = 1.15 * aylık baz sulama talebi.
2014-01-01,455457.6998889185,523776.0,Tez paketindeki fiziksel ürün/parsel verisine ölçeklenmiş varsayımsal teslim kapasitesi: max delivery = 1.15 * aylık baz sulama talebi.
2014-02-01,414679.4221868689,476881.0,Tez paketindeki fiziksel ürün/parsel verisine ölçeklenmiş varsayımsal teslim kapasitesi: max delivery = 1.15 * aylık baz sulama talebi.
2014-03-01,780931.5929658316,898071.0,Tez paketindeki fiziksel ürün/parsel verisine ölçeklenmiş varsayımsal teslim kapasitesi: max delivery = 1.15 * aylık baz sulama talebi.
2014-04-01,988571.6911871415,1136857.0,Tez paketindeki fiziksel ürün/parsel verisine ölçeklenmiş varsayımsal teslim kapasitesi: max delivery = 1.15 * aylık baz sulama talebi.
2014-05-01,1329897.9089495428,1529383.0,Tez paketindeki fiziksel ürün/parsel verisine ölçeklenmiş varsayımsal teslim kapasitesi: max delivery = 1.15 * aylık baz sulama talebi.
2014-06-01,1360584.1265325847,1564672.0,Tez paketindeki fiziksel ürün/parsel verisine ölçeklenmiş varsayımsal teslim kapasitesi: max delivery = 1.15 * aylık baz sulama talebi.
2014-07-01,1330922.6938532805,1530561.0,Tez paketindeki fiziksel ürün/parsel verisine ölçeklenmiş varsayımsal teslim kapasitesi: max delivery = 1.15 * aylık baz sulama talebi.
2014-08-01,1228786.448440874,1413104.0,Tez paketindeki fiziksel ürün/parsel verisine ölçeklenmiş varsayımsal teslim kapasitesi: max delivery = 1.15 * aylık baz sulama talebi.
2014-09-01,1194161.5943672908,1373286.0,Tez paketindeki fiziksel ürün/parsel verisine ölçeklenmiş varsayımsal teslim kapasitesi: max delivery = 1.15 * aylık baz sulama talebi.
2014-10-01,1330565.429987709,1530150.0,Tez paketindeki fiziksel ürün/parsel verisine ölçeklenmiş varsayımsal teslim kapasitesi: max delivery = 1.15 * aylık baz sulama talebi.
2014-11-01,750034.8826049877,862540.0,Tez paketindeki fiziksel ürün/parsel verisine ölçeklenmiş varsayımsal teslim kapasitesi: max delivery = 1.15 * aylık baz sulama talebi.
2014-12-01,355516.97560863395,408845.0,Tez paketindeki fiziksel ürün/parsel verisine ölçeklenmiş varsayımsal teslim kapasitesi: max delivery = 1.15 * aylık baz sulama talebi.
2015-01-01,355516.97560863395,408845.0,Tez paketindeki fiziksel ürün/parsel verisine ölçeklenmiş varsayımsal teslim kapasitesi: max delivery = 1.15 * aylık baz sulama talebi.
2015-02-01,324410.38090145035,373072.0,Tez paketindeki fiziksel ürün/parsel verisine ölçeklenmiş varsayımsal teslim kapasitesi: max delivery = 1.15 * aylık baz sulama talebi.
2015-03-01,928615.0306153547,1067907.0,Tez paketindeki fiziksel ürün/parsel verisine ölçeklenmiş varsayımsal teslim kapasitesi: max delivery = 1.15 * aylık baz sulama talebi.
2015-04-01,932187.221638909,1072015.0,Tez paketindeki fiziksel ürün/parsel verisine ölçeklenmiş varsayımsal teslim kapasitesi: max delivery = 1.15 * aylık baz sulama talebi.
2015-05-01,863706.946281169,993263.0,Tez paketindeki fiziksel ürün/parsel verisine ölçeklenmiş varsayımsal teslim kapasitesi: max delivery = 1.15 * aylık baz sulama talebi.
2015-06-01,1437134.9798498298,1652705.0,Tez paketindeki fiziksel ürün/parsel verisine ölçeklenmiş varsayımsal teslim kapasitesi: max delivery = 1.15 * aylık baz sulama talebi.
2015-07-01,1485039.4791781576,1707795.0,Tez paketindeki fiziksel ürün/parsel verisine ölçeklenmiş varsayımsal teslim kapasitesi: max delivery = 1.15 * aylık baz sulama talebi.
2015-08-01,1012541.0157388957,1164422.0,Tez paketindeki fiziksel ürün/parsel verisine ölçeklenmiş varsayımsal teslim kapasitesi: max delivery = 1.15 * aylık baz sulama talebi.
2015-09-01,578802.0625388884,665622.0,Tez paketindeki fiziksel ürün/parsel verisine ölçeklenmiş varsayımsal teslim kapasitesi: max delivery = 1.15 * aylık baz sulama talebi.
2015-10-01,636404.8751064345,731866.0,Tez paketindeki fiziksel ürün/parsel verisine ölçeklenmiş varsayımsal teslim kapasitesi: max delivery = 1.15 * aylık baz sulama talebi.
2015-11-01,350786.1463322346,403404.0,Tez paketindeki fiziksel ürün/parsel verisine ölçeklenmiş varsayımsal teslim kapasitesi: max delivery = 1.15 * aylık baz sulama talebi.
2015-12-01,265151.2792629483,304924.0,Tez paketindeki fiziksel ürün/parsel verisine ölçeklenmiş varsayımsal teslim kapasitesi: max delivery = 1.15 * aylık baz sulama talebi.
2016-01-01,265151.2792629483,304924.0,Tez paketindeki fiziksel ürün/parsel verisine ölçeklenmiş varsayımsal teslim kapasitesi: max delivery = 1.15 * aylık baz sulama talebi.
2016-02-01,251691.07807184008,289445.0,Tez paketindeki fiziksel ürün/parsel verisine ölçeklenmiş varsayımsal teslim kapasitesi: max delivery = 1.15 * aylık baz sulama talebi.
2016-03-01,448351.0775807851,515604.0,Tez paketindeki fiziksel ürün/parsel verisine ölçeklenmiş varsayımsal teslim kapasitesi: max delivery = 1.15 * aylık baz sulama talebi.
2016-04-01,876034.7059352845,1007440.0,Tez paketindeki fiziksel ürün/parsel verisine ölçeklenmiş varsayımsal teslim kapasitesi: max delivery = 1.15 * aylık baz sulama talebi.
2016-05-01,1124017.737399859,1292620.0,Tez paketindeki fiziksel ürün/parsel verisine ölçeklenmiş varsayımsal teslim kapasitesi: max delivery = 1.15 * aylık baz sulama talebi.
2016-06-01,1533475.7322056075,1763497.0,Tez paketindeki fiziksel ürün/parsel verisine ölçeklenmiş varsayımsal teslim kapasitesi: max delivery = 1.15 * aylık baz sulama talebi.
2016-07-01,1584591.5899457948,1822280.0,Tez paketindeki fiziksel ürün/parsel verisine ölçeklenmiş varsayımsal teslim kapasitesi: max delivery = 1.15 * aylık baz sulama talebi.
2016-08-01,1434625.2234183173,1649819.0,Tez paketindeki fiziksel ürün/parsel verisine ölçeklenmiş varsayımsal teslim kapasitesi: max delivery = 1.15 * aylık baz sulama talebi.
2016-09-01,1027948.7235889977,1182141.0,Tez paketindeki fiziksel ürün/parsel verisine ölçeklenmiş varsayımsal teslim kapasitesi: max delivery = 1.15 * aylık baz sulama talebi.
2016-10-01,1264512.304633854,1454189.0,Tez paketindeki fiziksel ürün/parsel verisine ölçeklenmiş varsayımsal teslim kapasitesi: max delivery = 1.15 * aylık baz sulama talebi.
2016-11-01,722510.1025498752,830887.0,Tez paketindeki fiziksel ürün/parsel verisine ölçeklenmiş varsayımsal teslim kapasitesi: max delivery = 1.15 * aylık baz sulama talebi.
2016-12-01,367211.7785868218,422294.0,Tez paketindeki fiziksel ürün/parsel verisine ölçeklenmiş varsayımsal teslim kapasitesi: max delivery = 1.15 * aylık baz sulama talebi.
2017-01-01,367211.7785868218,422294.0,Tez paketindeki fiziksel ürün/parsel verisine ölçeklenmiş varsayımsal teslim kapasitesi: max delivery = 1.15 * aylık baz sulama talebi.
2017-02-01,334973.4287527168,385219.0,Tez paketindeki fiziksel ürün/parsel verisine ölçeklenmiş varsayımsal teslim kapasitesi: max delivery = 1.15 * aylık baz sulama talebi.
2017-03-01,988400.0452966125,1136660.0,Tez paketindeki fiziksel ürün/parsel verisine ölçeklenmiş varsayımsal teslim kapasitesi: max delivery = 1.15 * aylık baz sulama talebi.
2017-04-01,1021658.8624496511,1174908.0,Tez paketindeki fiziksel ürün/parsel verisine ölçeklenmiş varsayımsal teslim kapasitesi: max delivery = 1.15 * aylık baz sulama talebi.
2017-05-01,951333.7351351985,1094034.0,Tez paketindeki fiziksel ürün/parsel verisine ölçeklenmiş varsayımsal teslim kapasitesi: max delivery = 1.15 * aylık baz sulama talebi.
2017-06-01,1430698.4497273776,1645303.0,Tez paketindeki fiziksel ürün/parsel verisine ölçeklenmiş varsayımsal teslim kapasitesi: max delivery = 1.15 * aylık baz sulama talebi.
2017-07-01,1472352.370708043,1693205.0,Tez paketindeki fiziksel ürün/parsel verisine ölçeklenmiş varsayımsal teslim kapasitesi: max delivery = 1.15 * aylık baz sulama talebi.
2017-08-01,898325.1120681255,1033074.0,Tez paketindeki fiziksel ürün/parsel verisine ölçeklenmiş varsayımsal teslim kapasitesi: max delivery = 1.15 * aylık baz sulama talebi.
2017-09-01,529654.6251877468,609103.0,Tez paketindeki fiziksel ürün/parsel verisine ölçeklenmiş varsayımsal teslim kapasitesi: max delivery = 1.15 * aylık baz sulama talebi.
2017-10-01,611786.6344617619,703555.0,Tez paketindeki fiziksel ürün/parsel verisine ölçeklenmiş varsayımsal teslim kapasitesi: max delivery = 1.15 * aylık baz sulama talebi.
2017-11-01,377677.98110022134,434330.0,Tez paketindeki fiziksel ürün/parsel verisine ölçeklenmiş varsayımsal teslim kapasitesi: max delivery = 1.15 * aylık baz sulama talebi.
2017-12-01,299440.78002222645,344357.0,Tez paketindeki fiziksel ürün/parsel verisine ölçeklenmiş varsayımsal teslim kapasitesi: max delivery = 1.15 * aylık baz sulama talebi.
2018-01-01,299440.78002222645,344357.0,Tez paketindeki fiziksel ürün/parsel verisine ölçeklenmiş varsayımsal teslim kapasitesi: max delivery = 1.15 * aylık baz sulama talebi.
2018-02-01,273760.91392017924,314825.0,Tez paketindeki fiziksel ürün/parsel verisine ölçeklenmiş varsayımsal teslim kapasitesi: max delivery = 1.15 * aylık baz sulama talebi.
2018-03-01,630251.1468638176,724789.0,Tez paketindeki fiziksel ürün/parsel verisine ölçeklenmiş varsayımsal teslim kapasitesi: max delivery = 1.15 * aylık baz sulama talebi.
2018-04-01,694851.2778708822,799079.0,Tez paketindeki fiziksel ürün/parsel verisine ölçeklenmiş varsayımsal teslim kapasitesi: max delivery = 1.15 * aylık baz sulama talebi.
2018-05-01,1394442.4209310676,1603609.0,Tez paketindeki fiziksel ürün/parsel verisine ölçeklenmiş varsayımsal teslim kapasitesi: max delivery = 1.15 * aylık baz sulama talebi.
2018-06-01,1378854.1281977291,1585682.0,Tez paketindeki fiziksel ürün/parsel verisine ölçeklenmiş varsayımsal teslim kapasitesi: max delivery = 1.15 * aylık baz sulama talebi.
2018-07-01,1418738.9099919342,1631550.0,Tez paketindeki fiziksel ürün/parsel verisine ölçeklenmiş varsayımsal teslim kapasitesi: max delivery = 1.15 * aylık baz sulama talebi.
2018-08-01,1381367.501661565,1588573.0,Tez paketindeki fiziksel ürün/parsel verisine ölçeklenmiş varsayımsal teslim kapasitesi: max delivery = 1.15 * aylık baz sulama talebi.
2018-09-01,1383895.9161693957,1591480.0,Tez paketindeki fiziksel ürün/parsel verisine ölçeklenmiş varsayımsal teslim kapasitesi: max delivery = 1.15 * aylık baz sulama talebi.
2018-10-01,978908.1388110329,1125744.0,Tez paketindeki fiziksel ürün/parsel verisine ölçeklenmiş varsayımsal teslim kapasitesi: max delivery = 1.15 * aylık baz sulama talebi.
2018-11-01,536857.7314622896,617386.0,Tez paketindeki fiziksel ürün/parsel verisine ölçeklenmiş varsayımsal teslim kapasitesi: max delivery = 1.15 * aylık baz sulama talebi.
2018-12-01,266608.1544237339,306599.0,Tez paketindeki fiziksel ürün/parsel verisine ölçeklenmiş varsayımsal teslim kapasitesi: max delivery = 1.15 * aylık baz sulama talebi.
2019-01-01,266608.1544237339,306599.0,Tez paketindeki fiziksel ürün/parsel verisine ölçeklenmiş varsayımsal teslim kapasitesi: max delivery = 1.15 * aylık baz sulama talebi.
2019-02-01,244105.63918605668,280721.0,Tez paketindeki fiziksel ürün/parsel verisine ölçeklenmiş varsayımsal teslim kapasitesi: max delivery = 1.15 * aylık baz sulama talebi.
2019-03-01,664095.349795664,763710.0,Tez paketindeki fiziksel ürün/parsel verisine ölçeklenmiş varsayımsal teslim kapasitesi: max delivery = 1.15 * aylık baz sulama talebi.
2019-04-01,820017.195104751,943020.0,Tez paketindeki fiziksel ürün/parsel verisine ölçeklenmiş varsayımsal teslim kapasitesi: max delivery = 1.15 * aylık baz sulama talebi.
2019-05-01,1061681.1878324773,1220933.0,Tez paketindeki fiziksel ürün/parsel verisine ölçeklenmiş varsayımsal teslim kapasitesi: max delivery = 1.15 * aylık baz sulama talebi.
2019-06-01,951720.8739063275,1094479.0,Tez paketindeki fiziksel ürün/parsel verisine ölçeklenmiş varsayımsal teslim kapasitesi: max delivery = 1.15 * aylık baz sulama talebi.
2019-07-01,983444.9030365386,1130962.0,Tez paketindeki fiziksel ürün/parsel verisine ölçeklenmiş varsayımsal teslim kapasitesi: max delivery = 1.15 * aylık baz sulama talebi.
2019-08-01,940940.1038855759,1082081.0,Tez paketindeki fiziksel ürün/parsel verisine ölçeklenmiş varsayımsal teslim kapasitesi: max delivery = 1.15 * aylık baz sulama talebi.
2019-09-01,1020265.6938506204,1173306.0,Tez paketindeki fiziksel ürün/parsel verisine ölçeklenmiş varsayımsal teslim kapasitesi: max delivery = 1.15 * aylık baz sulama talebi.
2019-10-01,1225578.350043951,1409415.0,Tez paketindeki fiziksel ürün/parsel verisine ölçeklenmiş varsayımsal teslim kapasitesi: max delivery = 1.15 * aylık baz sulama talebi.
2019-11-01,709528.3883250714,815958.0,Tez paketindeki fiziksel ürün/parsel verisine ölçeklenmiş varsayımsal teslim kapasitesi: max delivery = 1.15 * aylık baz sulama talebi.
2019-12-01,347437.0604855988,399553.0,Tez paketindeki fiziksel ürün/parsel verisine ölçeklenmiş varsayımsal teslim kapasitesi: max delivery = 1.15 * aylık baz sulama talebi.
2020-01-01,347437.0604855988,399553.0,Tez paketindeki fiziksel ürün/parsel verisine ölçeklenmiş varsayımsal teslim kapasitesi: max delivery = 1.15 * aylık baz sulama talebi.
2020-02-01,328668.0992156099,377968.0,Tez paketindeki fiziksel ürün/parsel verisine ölçeklenmiş varsayımsal teslim kapasitesi: max delivery = 1.15 * aylık baz sulama talebi.
2020-03-01,635518.5164238722,730846.0,Tez paketindeki fiziksel ürün/parsel verisine ölçeklenmiş varsayımsal teslim kapasitesi: max delivery = 1.15 * aylık baz sulama talebi.
2020-04-01,935105.9197652031,1075372.0,Tez paketindeki fiziksel ürün/parsel verisine ölçeklenmiş varsayımsal teslim kapasitesi: max delivery = 1.15 * aylık baz sulama talebi.
2020-05-01,1020004.0410535119,1173005.0,Tez paketindeki fiziksel ürün/parsel verisine ölçeklenmiş varsayımsal teslim kapasitesi: max delivery = 1.15 * aylık baz sulama talebi.
2020-06-01,1612308.7432608483,1854155.0,Tez paketindeki fiziksel ürün/parsel verisine ölçeklenmiş varsayımsal teslim kapasitesi: max delivery = 1.15 * aylık baz sulama talebi.
2020-07-01,1623582.2874051647,1867120.0,Tez paketindeki fiziksel ürün/parsel verisine ölçeklenmiş varsayımsal teslim kapasitesi: max delivery = 1.15 * aylık baz sulama talebi.
2020-08-01,1345519.6591074774,1547348.0,Tez paketindeki fiziksel ürün/parsel verisine ölçeklenmiş varsayımsal teslim kapasitesi: max delivery = 1.15 * aylık baz sulama talebi.
2020-09-01,835114.8113200202,960382.0,Tez paketindeki fiziksel ürün/parsel verisine ölçeklenmiş varsayımsal teslim kapasitesi: max delivery = 1.15 * aylık baz sulama talebi.
2020-10-01,984742.8521033392,1132454.0,Tez paketindeki fiziksel ürün/parsel verisine ölçeklenmiş varsayımsal teslim kapasitesi: max delivery = 1.15 * aylık baz sulama talebi.
2020-11-01,472190.1549928233,543019.0,Tez paketindeki fiziksel ürün/parsel verisine ölçeklenmiş varsayımsal teslim kapasitesi: max delivery = 1.15 * aylık baz sulama talebi.
2020-12-01,266608.1544237339,306599.0,Tez paketindeki fiziksel ürün/parsel verisine ölçeklenmiş varsayımsal teslim kapasitesi: max delivery = 1.15 * aylık baz sulama talebi.
2021-01-01,266608.1544237339,306599.0,Tez paketindeki fiziksel ürün/parsel verisine ölçeklenmiş varsayımsal teslim kapasitesi: max delivery = 1.15 * aylık baz sulama talebi.
2021-02-01,244105.63918605668,280721.0,Tez paketindeki fiziksel ürün/parsel verisine ölçeklenmiş varsayımsal teslim kapasitesi: max delivery = 1.15 * aylık baz sulama talebi.
2021-03-01,758689.1234950704,872492.0,Tez paketindeki fiziksel ürün/parsel verisine ölçeklenmiş varsayımsal teslim kapasitesi: max delivery = 1.15 * aylık baz sulama talebi.
2021-04-01,982133.3363668337,1129453.0,Tez paketindeki fiziksel ürün/parsel verisine ölçeklenmiş varsayımsal teslim kapasitesi: max delivery = 1.15 * aylık baz sulama talebi.
2021-05-01,1075741.9722028237,1237103.0,Tez paketindeki fiziksel ürün/parsel verisine ölçeklenmiş varsayımsal teslim kapasitesi: max delivery = 1.15 * aylık baz sulama talebi.
2021-06-01,1519512.6946570089,1747440.0,Tez paketindeki fiziksel ürün/parsel verisine ölçeklenmiş varsayımsal teslim kapasitesi: max delivery = 1.15 * aylık baz sulama talebi.
2021-07-01,1570163.1178122426,1805688.0,Tez paketindeki fiziksel ürün/parsel verisine ölçeklenmiş varsayımsal teslim kapasitesi: max delivery = 1.15 * aylık baz sulama talebi.
2021-08-01,858236.7927450456,986972.0,Tez paketindeki fiziksel ürün/parsel verisine ölçeklenmiş varsayımsal teslim kapasitesi: max delivery = 1.15 * aylık baz sulama talebi.
2021-09-01,694476.3869859932,798648.0,Tez paketindeki fiziksel ürün/parsel verisine ölçeklenmiş varsayımsal teslim kapasitesi: max delivery = 1.15 * aylık baz sulama talebi.
2021-10-01,858694.558008467,987499.0,Tez paketindeki fiziksel ürün/parsel verisine ölçeklenmiş varsayımsal teslim kapasitesi: max delivery = 1.15 * aylık baz sulama talebi.
2021-11-01,490300.73676053033,563846.0,Tez paketindeki fiziksel ürün/parsel verisine ölçeklenmiş varsayımsal teslim kapasitesi: max delivery = 1.15 * aylık baz sulama talebi.
2021-12-01,285322.4222503644,328121.0,Tez paketindeki fiziksel ürün/parsel verisine ölçeklenmiş varsayımsal teslim kapasitesi: max delivery = 1.15 * aylık baz sulama talebi.
2022-01-01,285322.4222503644,328121.0,Tez paketindeki fiziksel ürün/parsel verisine ölçeklenmiş varsayımsal teslim kapasitesi: max delivery = 1.15 * aylık baz sulama talebi.
2022-02-01,261008.84883591675,300160.0,Tez paketindeki fiziksel ürün/parsel verisine ölçeklenmiş varsayımsal teslim kapasitesi: max delivery = 1.15 * aylık baz sulama talebi.
2022-03-01,507991.6808625352,584190.0,Tez paketindeki fiziksel ürün/parsel verisine ölçeklenmiş varsayımsal teslim kapasitesi: max delivery = 1.15 * aylık baz sulama talebi.
2022-04-01,905714.8615622384,1041572.0,Tez paketindeki fiziksel ürün/parsel verisine ölçeklenmiş varsayımsal teslim kapasitesi: max delivery = 1.15 * aylık baz sulama talebi.
2022-05-01,1049737.7145997104,1207198.0,Tez paketindeki fiziksel ürün/parsel verisine ölçeklenmiş varsayımsal teslim kapasitesi: max delivery = 1.15 * aylık baz sulama talebi.
2022-06-01,1677128.5749325727,1928698.0,Tez paketindeki fiziksel ürün/parsel verisine ölçeklenmiş varsayımsal teslim kapasitesi: max delivery = 1.15 * aylık baz sulama talebi.
2022-07-01,1726996.833420078,1986046.0,Tez paketindeki fiziksel ürün/parsel verisine ölçeklenmiş varsayımsal teslim kapasitesi: max delivery = 1.15 * aylık baz sulama talebi.
2022-08-01,1489110.9107351003,1712478.0,Tez paketindeki fiziksel ürün/parsel verisine ölçeklenmiş varsayımsal teslim kapasitesi: max delivery = 1.15 * aylık baz sulama talebi.
2022-09-01,760213.0356354004,874245.0,Tez paketindeki fiziksel ürün/parsel verisine ölçeklenmiş varsayımsal teslim kapasitesi: max delivery = 1.15 * aylık baz sulama talebi.
2022-10-01,926097.6810113267,1065012.0,Tez paketindeki fiziksel ürün/parsel verisine ölçeklenmiş varsayımsal teslim kapasitesi: max delivery = 1.15 * aylık baz sulama talebi.
2022-11-01,554324.6814873833,637473.0,Tez paketindeki fiziksel ürün/parsel verisine ölçeklenmiş varsayımsal teslim kapasitesi: max delivery = 1.15 * aylık baz sulama talebi.
2022-12-01,355516.97560863395,408845.0,Tez paketindeki fiziksel ürün/parsel verisine ölçeklenmiş varsayımsal teslim kapasitesi: max delivery = 1.15 * aylık baz sulama talebi.
2023-01-01,355516.97560863395,408845.0,Tez paketindeki fiziksel ürün/parsel verisine ölçeklenmiş varsayımsal teslim kapasitesi: max delivery = 1.15 * aylık baz sulama talebi.
2023-02-01,324410.38090145035,373072.0,Tez paketindeki fiziksel ürün/parsel verisine ölçeklenmiş varsayımsal teslim kapasitesi: max delivery = 1.15 * aylık baz sulama talebi.
2023-03-01,921198.4615665306,1059378.0,Tez paketindeki fiziksel ürün/parsel verisine ölçeklenmiş varsayımsal teslim kapasitesi: max delivery = 1.15 * aylık baz sulama talebi.
2023-04-01,905822.7182833652,1041696.0,Tez paketindeki fiziksel ürün/parsel verisine ölçeklenmiş varsayımsal teslim kapasitesi: max delivery = 1.15 * aylık baz sulama talebi.
2023-05-01,835173.9814362201,960450.0,Tez paketindeki fiziksel ürün/parsel verisine ölçeklenmiş varsayımsal teslim kapasitesi: max delivery = 1.15 * aylık baz sulama talebi.
2023-06-01,789195.8173702714,907575.0,Tez paketindeki fiziksel ürün/parsel verisine ölçeklenmiş varsayımsal teslim kapasitesi: max delivery = 1.15 * aylık baz sulama talebi.
2023-07-01,815502.3446159472,937828.0,Tez paketindeki fiziksel ürün/parsel verisine ölçeklenmiş varsayımsal teslim kapasitesi: max delivery = 1.15 * aylık baz sulama talebi.
2023-08-01,586676.0203526962,674677.0,Tez paketindeki fiziksel ürün/parsel verisine ölçeklenmiş varsayımsal teslim kapasitesi: max delivery = 1.15 * aylık baz sulama talebi.
2023-09-01,572816.6253103238,658739.0,Tez paketindeki fiziksel ürün/parsel verisine ölçeklenmiş varsayımsal teslim kapasitesi: max delivery = 1.15 * aylık baz sulama talebi.
2023-10-01,690724.8338864166,794334.0,Tez paketindeki fiziksel ürün/parsel verisine ölçeklenmiş varsayımsal teslim kapasitesi: max delivery = 1.15 * aylık baz sulama talebi.
2023-11-01,478479.71700040554,550252.0,Tez paketindeki fiziksel ürün/parsel verisine ölçeklenmiş varsayımsal teslim kapasitesi: max delivery = 1.15 * aylık baz sulama talebi.
2023-12-01,409962.85385467595,471457.0,Tez paketindeki fiziksel ürün/parsel verisine ölçeklenmiş varsayımsal teslim kapasitesi: max delivery = 1.15 * aylık baz sulama talebi.
2024-01-01,409962.85385467595,471457.0,Tez paketindeki fiziksel ürün/parsel verisine ölçeklenmiş varsayımsal teslim kapasitesi: max delivery = 1.15 * aylık baz sulama talebi.
2024-02-01,387159.97043184337,445234.0,Tez paketindeki fiziksel ürün/parsel verisine ölçeklenmiş varsayımsal teslim kapasitesi: max delivery = 1.15 * aylık baz sulama talebi.
2024-03-01,685504.7888226453,788331.0,Tez paketindeki fiziksel ürün/parsel verisine ölçeklenmiş varsayımsal teslim kapasitesi: max delivery = 1.15 * aylık baz sulama talebi.
2024-04-01,688514.9434675148,791792.0,Tez paketindeki fiziksel ürün/parsel verisine ölçeklenmiş varsayımsal teslim kapasitesi: max delivery = 1.15 * aylık baz sulama talebi.
2024-05-01,1032297.6624982946,1187142.0,Tez paketindeki fiziksel ürün/parsel verisine ölçeklenmiş varsayımsal teslim kapasitesi: max delivery = 1.15 * aylık baz sulama talebi.
2024-06-01,2005503.3765808204,2306329.0,Tez paketindeki fiziksel ürün/parsel verisine ölçeklenmiş varsayımsal teslim kapasitesi: max delivery = 1.15 * aylık baz sulama talebi.
2024-07-01,1997612.03127972,2297254.0,Tez paketindeki fiziksel ürün/parsel verisine ölçeklenmiş varsayımsal teslim kapasitesi: max delivery = 1.15 * aylık baz sulama talebi.
2024-08-01,1515266.905172457,1742557.0,Tez paketindeki fiziksel ürün/parsel verisine ölçeklenmiş varsayımsal teslim kapasitesi: max delivery = 1.15 * aylık baz sulama talebi.
2024-09-01,958963.6139309086,1102808.0,Tez paketindeki fiziksel ürün/parsel verisine ölçeklenmiş varsayımsal teslim kapasitesi: max delivery = 1.15 * aylık baz sulama talebi.
2024-10-01,949279.8299982098,1091672.0,Tez paketindeki fiziksel ürün/parsel verisine ölçeklenmiş varsayımsal teslim kapasitesi: max delivery = 1.15 * aylık baz sulama talebi.
2024-11-01,565160.4235058321,649934.0,Tez paketindeki fiziksel ürün/parsel verisine ölçeklenmiş varsayımsal teslim kapasitesi: max delivery = 1.15 * aylık baz sulama talebi.
2024-12-01,362536.4404570768,416917.0,Tez paketindeki fiziksel ürün/parsel verisine ölçeklenmiş varsayımsal teslim kapasitesi: max delivery = 1.15 * aylık baz sulama talebi.
2025-01-01,362536.4404570768,416917.0,Tez paketindeki fiziksel ürün/parsel verisine ölçeklenmiş varsayımsal teslim kapasitesi: max delivery = 1.15 * aylık baz sulama talebi.
2025-02-01,330750.54270004394,380363.0,Tez paketindeki fiziksel ürün/parsel verisine ölçeklenmiş varsayımsal teslim kapasitesi: max delivery = 1.15 * aylık baz sulama talebi.
2025-03-01,955301.0922708944,1098596.0,Tez paketindeki fiziksel ürün/parsel verisine ölçeklenmiş varsayımsal teslim kapasitesi: max delivery = 1.15 * aylık baz sulama talebi.
2025-04-01,1114145.5634456289,1281267.0,Tez paketindeki fiziksel ürün/parsel verisine ölçeklenmiş varsayımsal teslim kapasitesi: max delivery = 1.15 * aylık baz sulama talebi.
2025-05-01,1171188.9914153586,1346867.0,Tez paketindeki fiziksel ürün/parsel verisine ölçeklenmiş varsayımsal teslim kapasitesi: max delivery = 1.15 * aylık baz sulama talebi.
2025-06-01,1061918.01795714,1221206.0,Tez paketindeki fiziksel ürün/parsel verisine ölçeklenmiş varsayımsal teslim kapasitesi: max delivery = 1.15 * aylık baz sulama talebi.
2025-07-01,1097315.285222378,1261913.0,Tez paketindeki fiziksel ürün/parsel verisine ölçeklenmiş varsayımsal teslim kapasitesi: max delivery = 1.15 * aylık baz sulama talebi.
2025-08-01,863120.9705746906,992589.0,Tez paketindeki fiziksel ürün/parsel verisine ölçeklenmiş varsayımsal teslim kapasitesi: max delivery = 1.15 * aylık baz sulama talebi.
2025-09-01,858176.788405953,986903.0,Tez paketindeki fiziksel ürün/parsel verisine ölçeklenmiş varsayımsal teslim kapasitesi: max delivery = 1.15 * aylık baz sulama talebi.
2025-10-01,673008.9028107409,773960.0,Tez paketindeki fiziksel ürün/parsel verisine ölçeklenmiş varsayımsal teslim kapasitesi: max delivery = 1.15 * aylık baz sulama talebi.
2025-11-01,248552.59265068537,285835.0,Tez paketindeki fiziksel ürün/parsel verisine ölçeklenmiş varsayımsal teslim kapasitesi: max delivery = 1.15 * aylık baz sulama talebi.
2025-12-01,11893.373165628846,13677.0,Tez paketindeki fiziksel ürün/parsel verisine ölçeklenmiş varsayımsal teslim kapasitesi: max delivery = 1.15 * aylık baz sulama talebi.
