month,fill_pct,storage_m3,ec_dS_m_assumed,water_quality_class_assumed,notes
2000-01-01,15.6092865403003,21036298.335226428,2.89,C4 (very high),Tez paketinde ölçülmüş su kalite serisi bulunmadığı için doluluk-temelli vekil EC serisi üretildi; gerçek DSİ/laboratuvar verisiyle değiştirilebilir.
2000-02-01,14.18791165992838,19120742.108328857,2.92,C4 (very high),Tez paketinde ölçülmüş su kalite serisi bulunmadığı için doluluk-temelli vekil EC serisi üretildi; gerçek DSİ/laboratuvar verisiyle değiştirilebilir.
2000-03-01,10.30464327015015,13887345.17168979,2.99,C4 (very high),Tez paketinde ölçülmüş su kalite serisi bulunmadığı için doluluk-temelli vekil EC serisi üretildi; gerçek DSİ/laboratuvar verisiyle değiştirilebilir.
2000-04-01,5.0,6738392.008153152,3.1,C4 (very high),Tez paketinde ölçülmüş su kalite serisi bulunmadığı için doluluk-temelli vekil EC serisi üretildi; gerçek DSİ/laboratuvar verisiyle değiştirilebilir.
2000-05-01,5.0,6738392.008153152,3.1,C4 (very high),Tez paketinde ölçülmüş su kalite serisi bulunmadığı için doluluk-temelli vekil EC serisi üretildi; gerçek DSİ/laboratuvar verisiyle değiştirilebilir.
2000-06-01,5.0,6738392.008153152,3.1,C4 (very high),Tez paketinde ölçülmüş su kalite serisi bulunmadığı için doluluk-temelli vekil EC serisi üretildi; gerçek DSİ/laboratuvar verisiyle değiştirilebilir.
2000-07-01,5.0,6738392.008153152,3.1,C4 (very high),Tez paketinde ölçülmüş su kalite serisi bulunmadığı için doluluk-temelli vekil EC serisi üretildi; gerçek DSİ/laboratuvar verisiyle değiştirilebilir.
2000-08-01,5.0,6738392.008153152,3.1,C4 (very high),Tez paketinde ölçülmüş su kalite serisi bulunmadığı için doluluk-temelli vekil EC serisi üretildi; gerçek DSİ/laboratuvar verisiyle değiştirilebilir.
2000-09-01,5.0,6738392.008153152,3.1,C4 (very high),Tez paketinde ölçülmüş su kalite serisi bulunmadığı için doluluk-temelli vekil EC serisi üretildi; gerçek DSİ/laboratuvar verisiyle değiştirilebilir.
2000-10-01,5.0,6738392.008153152,3.1,C4 (very high),Tez paketinde ölçülmüş su kalite serisi bulunmadığı için doluluk-temelli vekil EC serisi üretildi; gerçek DSİ/laboratuvar verisiyle değiştirilebilir.
2000-11-01,12.019289549241,16198136.928456854,2.96,C4 (very high),Tez paketinde ölçülmüş su kalite serisi bulunmadığı için doluluk-temelli vekil EC serisi üretildi; gerçek DSİ/laboratuvar verisiyle değiştirilebilir.
2000-12-01,17.48229421629423,23560510.326251816,2.85,C4 (very high),Tez paketinde ölçülmüş su kalite serisi bulunmadığı için doluluk-temelli vekil EC serisi üretildi; gerçek DSİ/laboratuvar verisiyle değiştirilebilir.
2001-01-01,20.37108337592258,27453669.083547633,2.79,C4 (very high),Tez paketinde ölçülmüş su kalite serisi bulunmadığı için doluluk-temelli vekil EC serisi üretildi; gerçek DSİ/laboratuvar verisiyle değiştirilebilir.
2001-02-01,20.23613638967141,27271803.94481181,2.8,C4 (very high),Tez paketinde ölçülmüş su kalite serisi bulunmadığı için doluluk-temelli vekil EC serisi üretildi; gerçek DSİ/laboratuvar verisiyle değiştirilebilir.
2001-03-01,17.34930665900328,23381285.867605187,2.85,C4 (very high),Tez paketinde ölçülmüş su kalite serisi bulunmadığı için doluluk-temelli vekil EC serisi üretildi; gerçek DSİ/laboratuvar verisiyle değiştirilebilir.
2001-04-01,13.08385928313946,17632834.565861464,2.94,C4 (very high),Tez paketinde ölçülmüş su kalite serisi bulunmadığı için doluluk-temelli vekil EC serisi üretildi; gerçek DSİ/laboratuvar verisiyle değiştirilebilir.
2001-05-01,8.773995098027612,11824523.689624839,3.02,C4 (very high),Tez paketinde ölçülmüş su kalite serisi bulunmadığı için doluluk-temelli vekil EC serisi üretildi; gerçek DSİ/laboratuvar verisiyle değiştirilebilir.
2001-06-01,6.020415795103538,8113584.335896937,3.08,C4 (very high),Tez paketinde ölçülmüş su kalite serisi bulunmadığı için doluluk-temelli vekil EC serisi üretildi; gerçek DSİ/laboratuvar verisiyle değiştirilebilir.
2001-07-01,5.841051999604353,7871859.622668193,3.08,C4 (very high),Tez paketinde ölçülmüş su kalite serisi bulunmadığı için doluluk-temelli vekil EC serisi üretildi; gerçek DSİ/laboratuvar verisiyle değiştirilebilir.
2001-08-01,8.7298411592327,11765018.379964015,3.03,C4 (very high),Tez paketinde ölçülmüş su kalite serisi bulunmadığı için doluluk-temelli vekil EC serisi üretildi; gerçek DSİ/laboratuvar verisiyle değiştirilebilir.
2001-09-01,14.23726263553395,19187251.352251887,2.92,C4 (very high),Tez paketinde ölçülmüş su kalite serisi bulunmadığı için doluluk-temelli vekil EC serisi üretildi; gerçek DSİ/laboratuvar verisiyle değiştirilebilir.
2001-10-01,21.21213537552693,28587136.698062684,2.78,C4 (very high),Tez paketinde ölçülmüş su kalite serisi bulunmadığı için doluluk-temelli vekil EC serisi üretildi; gerçek DSİ/laboratuvar verisiyle değiştirilebilir.
2001-11-01,28.54845751824387,38474139.59720684,2.63,C4 (very high),Tez paketinde ölçülmüş su kalite serisi bulunmadığı için doluluk-temelli vekil EC serisi üretildi; gerçek DSİ/laboratuvar verisiyle değiştirilebilir.
2001-12-01,34.35015122875959,46292956.90374515,2.51,C4 (very high),Tez paketinde ölçülmüş su kalite serisi bulunmadığı için doluluk-temelli vekil EC serisi üretildi; gerçek DSİ/laboratuvar verisiyle değiştirilebilir.
2002-01-01,37.65500174658306,50746832.56723367,2.45,C4 (very high),Tez paketinde ölçülmüş su kalite serisi bulunmadığı için doluluk-temelli vekil EC serisi üretildi; gerçek DSİ/laboratuvar verisiyle değiştirilebilir.
2002-02-01,38.00861020571224,51223383.050235935,2.44,C4 (very high),Tez paketinde ölçülmüş su kalite serisi bulunmadığı için doluluk-temelli vekil EC serisi üretildi; gerçek DSİ/laboratuvar verisiyle değiştirilebilir.
2002-03-01,35.62934586073288,48016899.8807374,2.49,C4 (very high),Tez paketinde ölçülmüş su kalite serisi bulunmadığı için doluluk-temelli vekil EC serisi üretildi; gerçek DSİ/laboratuvar verisiyle değiştirilebilir.
2002-04-01,31.95148269496859,43060323.12808401,2.56,C4 (very high),Tez paketinde ölçülmüş su kalite serisi bulunmadığı için doluluk-temelli vekil EC serisi üretildi; gerçek DSİ/laboratuvar verisiyle değiştirilebilir.
2002-05-01,28.21461212635023,38024223.37306787,2.64,C4 (very high),Tez paketinde ölçülmüş su kalite serisi bulunmadığı için doluluk-temelli vekil EC serisi üretildi; gerçek DSİ/laboratuvar verisiyle değiştirilebilir.
2002-06-01,26.01236998993308,35056309.2106576,2.68,C4 (very high),Tez paketinde ölçülmüş su kalite serisi bulunmadığı için doluluk-temelli vekil EC serisi üretildi; gerçek DSİ/laboratuvar verisiyle değiştirilebilir.
2002-07-01,26.3069710462082,35453336.69129715,2.67,C4 (very high),Tez paketinde ölçülmüş su kalite serisi bulunmadığı için doluluk-temelli vekil EC serisi üretildi; gerçek DSİ/laboratuvar verisiyle değiştirilebilir.
2002-08-01,29.61182156403166,39907212.354785636,2.61,C4 (very high),Tez paketinde ölçülmüş su kalite serisi bulunmadığı için doluluk-temelli vekil EC serisi üretildi; gerçek DSİ/laboratuvar verisiyle değiştirilebilir.
2002-09-01,35.47252267740146,47805552.6636867,2.49,C4 (very high),Tez paketinde ölçülmüş su kalite serisi bulunmadığı için doluluk-temelli vekil EC serisi üretildi; gerçek DSİ/laboratuvar verisiyle değiştirilebilir.
2002-10-01,42.74983741726432,57613032.5604681,2.35,C4 (very high),Tez paketinde ölçülmüş su kalite serisi bulunmadığı için doluluk-temelli vekil EC serisi üretildi; gerçek DSİ/laboratuvar verisiyle değiştirilebilir.
2002-11-01,47.00387596954162,63346108.43707625,2.26,C4 (very high),Tez paketinde ölçülmüş su kalite serisi bulunmadığı için doluluk-temelli vekil EC serisi üretildi; gerçek DSİ/laboratuvar verisiyle değiştirilebilir.
2002-12-01,49.77571629606597,67081657.7779019,2.2,C4 (very high),Tez paketinde ölçülmüş su kalite serisi bulunmadığı için doluluk-temelli vekil EC serisi üretildi; gerçek DSİ/laboratuvar verisiyle değiştirilebilir.
2003-01-01,49.85230767829901,67184878.32948843,2.2,C4 (very high),Tez paketinde ölçülmüş su kalite serisi bulunmadığı için doluluk-temelli vekil EC serisi üretildi; gerçek DSİ/laboratuvar verisiyle değiştirilebilir.
2003-02-01,46.87079548612483,63166758.74389687,2.26,C4 (very high),Tez paketinde ölçülmüş su kalite serisi bulunmadığı için doluluk-temelli vekil EC serisi üretildi; gerçek DSİ/laboratuvar verisiyle değiştirilebilir.
2003-03-01,41.38144859546201,55768884.50029234,2.37,C4 (very high),Tez paketinde ölçülmüş su kalite serisi bulunmadığı için doluluk-temelli vekil EC serisi üretildi; gerçek DSİ/laboratuvar verisiyle değiştirilebilir.
2003-04-01,34.22248923324359,46120909.589679174,2.52,C4 (very high),Tez paketinde ölçülmüş su kalite serisi bulunmadığı için doluluk-temelli vekil EC serisi üretildi; gerçek DSİ/laboratuvar verisiyle değiştirilebilir.
2003-05-01,27.11038343247583,36536078.21187254,2.66,C4 (very high),Tez paketinde ölçülmüş su kalite serisi bulunmadığı için doluluk-temelli vekil EC serisi üretildi; gerçek DSİ/laboratuvar verisiyle değiştirilebilir.
2003-06-01,21.48047585746101,28948773.369848385,2.77,C4 (very high),Tez paketinde ölçülmüş su kalite serisi bulunmadığı için doluluk-temelli vekil EC serisi üretildi; gerçek DSİ/laboratuvar verisiyle değiştirilebilir.
2003-07-01,18.5458172267375,24993797.317063406,2.83,C4 (very high),Tez paketinde ölçülmüş su kalite serisi bulunmadığı için doluluk-temelli vekil EC serisi üretildi; gerçek DSİ/laboratuvar verisiyle değiştirilebilir.
2003-08-01,18.62240860897055,25097017.868649926,2.83,C4 (very high),Tez paketinde ölçülmüş su kalite serisi bulunmadığı için doluluk-temelli vekil EC serisi üretildi; gerçek DSİ/laboratuvar verisiyle değiştirilebilir.
2003-09-01,21.34739537404423,28769423.676669035,2.77,C4 (very high),Tez paketinde ölçülmüş su kalite serisi bulunmadığı için doluluk-temelli vekil EC serisi üretildi; gerçek DSİ/laboratuvar verisiyle değiştirilebilir.
2003-10-01,25.64828748777219,34565643.08608372,2.69,C4 (very high),Tez paketinde ölçülmüş su kalite serisi bulunmadığı için doluluk-temelli vekil EC serisi üretildi; gerçek DSİ/laboratuvar verisiyle değiştirilebilir.
2003-11-01,30.46161259634998,41052457.374940425,2.59,C4 (very high),Tez paketinde ölçülmüş su kalite serisi bulunmadığı için doluluk-temelli vekil EC serisi üretildi; gerçek DSİ/laboratuvar verisiyle değiştirilebilir.
2003-12-01,33.89543131552388,45680140.697886035,2.52,C4 (very high),Tez paketinde ölçülmüş su kalite serisi bulunmadığı için doluluk-temelli vekil EC serisi üretildi; gerçek DSİ/laboratuvar verisiyle değiştirilebilir.
2004-01-01,34.90630401302937,47042471.99911229,2.5,C4 (very high),Tez paketinde ölçülmüş su kalite serisi bulunmadığı için doluluk-temelli vekil EC serisi üretildi; gerçek DSİ/laboratuvar verisiyle değiştirilebilir.
2004-02-01,33.13358835226715,44653421.390870675,2.54,C4 (very high),Tez paketinde ölçülmüş su kalite serisi bulunmadığı için doluluk-temelli vekil EC serisi üretildi; gerçek DSİ/laboratuvar verisiyle değiştirilebilir.
2004-03-01,28.97479003902638,39048698.72737818,2.62,C4 (very high),Tez paketinde ölçülmüş su kalite serisi bulunmadığı için doluluk-temelli vekil EC serisi üretildi; gerçek DSİ/laboratuvar verisiyle değiştirilebilir.
2004-04-01,23.39962196719186,31535165.13150611,2.73,C4 (very high),Tez paketinde ölçülmüş su kalite serisi bulunmadığı için doluluk-temelli vekil EC serisi üretildi; gerçek DSİ/laboratuvar verisiyle değiştirilebilir.
2004-05-01,17.83674168508729,24038191.52445688,2.84,C4 (very high),Tez paketinde ölçülmüş su kalite serisi bulunmadığı için doluluk-temelli vekil EC serisi üretildi; gerçek DSİ/laboratuvar verisiyle değiştirilebilir.
2004-06-01,13.65336779238662,18400348.883318726,2.93,C4 (very high),Tez paketinde ölçülmüş su kalite serisi bulunmadığı için doluluk-temelli vekil EC serisi üretildi; gerçek DSİ/laboratuvar verisiyle değiştirilebilir.
2004-07-01,11.89293992135435,16027858.263899945,2.96,C4 (very high),Tez paketinde ölçülmüş su kalite serisi bulunmadığı için doluluk-temelli vekil EC serisi üretildi; gerçek DSİ/laboratuvar verisiyle değiştirilebilir.
2004-08-01,12.90381261885984,17390189.565126188,2.94,C4 (very high),Tez paketinde ölçülmüş su kalite serisi bulunmadığı için doluluk-temelli vekil EC serisi üretildi; gerçek DSİ/laboratuvar verisiyle değiştirilebilir.
2004-09-01,16.32534354830378,22001312.899248965,2.87,C4 (very high),Tez paketinde ölçülmüş su kalite serisi bulunmadığı için doluluk-temelli vekil EC serisi üretildi; gerçek DSİ/laboratuvar verisiyle değiştirilebilir.
2004-10-01,21.15095644661153,28504687.176928513,2.78,C4 (very high),Tez paketinde ölçülmüş su kalite serisi bulunmadığı için doluluk-temelli vekil EC serisi üretildi; gerçek DSİ/laboratuvar verisiyle değiştirilebilir.
2004-11-01,28.43078511068499,38315555.035071865,2.63,C4 (very high),Tez paketinde ölçülmüş su kalite serisi bulunmadığı için doluluk-temelli vekil EC serisi üretildi; gerçek DSİ/laboratuvar verisiyle değiştirilebilir.
2004-12-01,34.06375855365375,45906991.681119815,2.52,C4 (very high),Tez paketinde ölçülmüş su kalite serisi bulunmadığı için doluluk-temelli vekil EC serisi üretildi; gerçek DSİ/laboratuvar verisiyle değiştirilebilir.
2005-01-01,36.95788172828171,49807338.97522457,2.46,C4 (very high),Tez paketinde ölçülmüş su kalite serisi bulunmadığı için doluluk-temelli vekil EC serisi üretildi; gerçek DSİ/laboratuvar verisiyle değiştirilebilir.
2005-02-01,36.64144565760182,49380884.91727243,2.47,C4 (very high),Tez paketinde ölçülmüş su kalite serisi bulunmadığı için doluluk-temelli vekil EC serisi üretildi; gerçek DSİ/laboratuvar verisiyle değiştirilebilir.
2005-03-01,33.41985692477804,45039219.363109216,2.53,C4 (very high),Tez paketinde ölçülmüş su kalite serisi bulunmadığı için doluluk-temelli vekil EC serisi üretildi; gerçek DSİ/laboratuvar verisiyle değiştirilebilir.
2005-04-01,28.71771536465266,38702244.74111848,2.63,C4 (very high),Tez paketinde ölçülmüş su kalite serisi bulunmadığı için doluluk-temelli vekil EC serisi üretildi; gerçek DSİ/laboratuvar verisiyle değiştirilebilir.
2005-05-01,23.97399820607651,32309239.5830608,2.72,C4 (very high),Tez paketinde ölçülmüş su kalite serisi bulunmadığı için doluluk-temelli vekil EC serisi üretildi; gerçek DSİ/laboratuvar verisiyle değiştirilebilir.
2005-06-01,20.87713626860505,28135665.63709852,2.78,C4 (very high),Tez paketinde ölçülmüş su kalite serisi bulunmadığı için doluluk-temelli vekil EC serisi üretildi; gerçek DSİ/laboratuvar verisiyle değiştirilebilir.
2005-07-01,20.5191245994744,27653181.043079406,2.79,C4 (very high),Tez paketinde ölçülmüş su kalite serisi bulunmadığı için doluluk-temelli vekil EC serisi üretildi; gerçek DSİ/laboratuvar verisiyle değiştirilebilir.
2005-08-01,23.41324777410235,31553528.33718416,2.73,C4 (very high),Tez paketinde ölçülmüş su kalite serisi bulunmadığı için doluluk-temelli vekil EC serisi üretildi; gerçek DSİ/laboratuvar verisiyle değiştirilebilir.
2005-09-01,29.08779681552189,39200995.51929909,2.62,C4 (very high),Tez paketinde ölçülmüş su kalite serisi bulunmadığı için doluluk-temelli vekil EC serisi üretildi; gerçek DSİ/laboratuvar verisiyle değiştirilebilir.
2005-10-01,36.32604988114457,48955832.84137546,2.47,C4 (very high),Tez paketinde ölçülmüş su kalite serisi bulunmadığı için doluluk-temelli vekil EC serisi üretildi; gerçek DSİ/laboratuvar verisiyle değiştirilebilir.
2005-11-01,40.10038854461033,54042427.538567685,2.4,C4 (very high),Tez paketinde ölçülmüş su kalite serisi bulunmadığı için doluluk-temelli vekil EC serisi üretildi; gerçek DSİ/laboratuvar verisiyle değiştirilebilir.
2005-12-01,42.54593829385479,57338242.11573766,2.35,C4 (very high),Tez paketinde ölçülmüş su kalite serisi bulunmadığı için doluluk-temelli vekil EC serisi üretildi; gerçek DSİ/laboratuvar verisiyle değiştirilebilir.
2006-01-01,42.57125285958577,57372358.00921994,2.35,C4 (very high),Tez paketinde ölçülmüş su kalite serisi bulunmadığı için doluluk-temelli vekil EC serisi üretildi; gerçek DSİ/laboratuvar verisiyle değiştirilebilir.
2006-02-01,39.85209130697481,53707802.71422176,2.4,C4 (very high),Tez paketinde ölçülmüş su kalite serisi bulunmadığı için doluluk-temelli vekil EC serisi üretildi; gerçek DSİ/laboratuvar verisiyle değiştirilebilir.
2006-03-01,34.88649115064907,47015770.63240787,2.5,C4 (very high),Tez paketinde ölçülmüş su kalite serisi bulunmadığı için doluluk-temelli vekil EC serisi üretildi; gerçek DSİ/laboratuvar verisiyle değiştirilebilir.
2006-04-01,28.41830550030333,38298736.533699736,2.63,C4 (very high),Tez paketinde ölçülmüş su kalite serisi bulunmadığı için doluluk-temelli vekil EC serisi üretildi; gerçek DSİ/laboratuvar verisiyle değiştirilebilir.
2006-05-01,21.99356899490728,29640257.909209628,2.76,C4 (very high),Tez paketinde ölçülmüş su kalite serisi bulunmadığı için doluluk-temelli vekil EC serisi üretildi; gerçek DSİ/laboratuvar verisiyle değiştirilebilir.
2006-06-01,16.89762140373251,22772559.404741753,2.86,C4 (very high),Tez paketinde ölçülmüş su kalite serisi bulunmadığı için doluluk-temelli vekil EC serisi üretildi; gerçek DSİ/laboratuvar verisiyle değiştirilebilir.
2006-07-01,14.22190899607123,19166559.583961558,2.92,C4 (very high),Tez paketinde ölçülmüş su kalite serisi bulunmadığı için doluluk-temelli vekil EC serisi üretildi; gerçek DSİ/laboratuvar verisiyle değiştirilebilir.
2006-08-01,14.2472235618022,19200675.477443848,2.92,C4 (very high),Tez paketinde ölçülmüş su kalite serisi bulunmadığı için doluluk-temelli vekil EC serisi üretildi; gerçek DSİ/laboratuvar verisiyle değiştirilebilir.
2006-09-01,16.649324166097,22437934.58039583,2.87,C4 (very high),Tez paketinde ölçülmüş su kalite serisi bulunmadığı için doluluk-temelli vekil EC serisi üretildi; gerçek DSİ/laboratuvar verisiyle değiştirilebilir.
2006-10-01,20.46711197451242,27583084.75180605,2.79,C4 (very high),Tez paketinde ölçülmüş su kalite serisi bulunmadığı için doluluk-temelli vekil EC serisi üretildi; gerçek DSİ/laboratuvar verisiyle değiştirilebilir.
2006-11-01,25.85843608640643,34848855.81359603,2.68,C4 (very high),Tez paketinde ölçülmüş su kalite serisi bulunmadığı için doluluk-temelli vekil EC serisi üretildi; gerçek DSİ/laboratuvar verisiyle değiştirilebilir.
2006-12-01,29.69556619737794,40020073.18839887,2.61,C4 (very high),Tez paketinde ölçülmüş su kalite serisi bulunmadığı için doluluk-temelli vekil EC serisi üretildi; gerçek DSİ/laboratuvar verisiyle değiştirilebilir.
2007-01-01,30.79977381155629,41508189.94094314,2.58,C4 (very high),Tez paketinde ölçülmüş su kalite serisi bulunmadığı için doluluk-temelli vekil EC serisi üretildi; gerçek DSİ/laboratuvar verisiyle değiştirilebilir.
2007-02-01,28.76559433144003,38766770.19055022,2.62,C4 (very high),Tez paketinde ölçülmüş su kalite serisi bulunmadığı için doluluk-temelli vekil EC serisi üretildi; gerçek DSİ/laboratuvar verisiyle değiştirilebilir.
2007-03-01,24.05849053942983,32423108.07582443,2.72,C4 (very high),Tez paketinde ölçülmüş su kalite serisi bulunmadığı için doluluk-temelli vekil EC serisi üretildi; gerçek DSİ/laboratuvar verisiyle değiştirilebilir.
2007-04-01,17.73719456159792,23904034.01618581,2.85,C4 (very high),Tez paketinde ölçülmüş su kalite serisi bulunmadığı için doluluk-temelli vekil EC serisi üretildi; gerçek DSİ/laboratuvar verisiyle değiştirilebilir.
2007-05-01,11.43089812999082,15405174.521028584,2.97,C4 (very high),Tez paketinde ölçülmüş su kalite serisi bulunmadığı için doluluk-temelli vekil EC serisi üretildi; gerçek DSİ/laboratuvar verisiyle değiştirilebilir.
2007-06-01,6.678795699306207,9000868.712858517,3.07,C4 (very high),Tez paketinde ölçülmüş su kalite serisi bulunmadığı için doluluk-temelli vekil EC serisi üretildi; gerçek DSİ/laboratuvar verisiyle değiştirilebilir.
2007-07-01,5.0,6738392.008153152,3.1,C4 (very high),Tez paketinde ölçülmüş su kalite serisi bulunmadığı için doluluk-temelli vekil EC serisi üretildi; gerçek DSİ/laboratuvar verisiyle değiştirilebilir.
2007-08-01,5.763823379593106,7767780.279491294,3.08,C4 (very high),Tez paketinde ölçülmüş su kalite serisi bulunmadığı için doluluk-temelli vekil EC serisi üretildi; gerçek DSİ/laboratuvar verisiyle değiştirilebilir.
2007-09-01,9.58595394433981,12918783.089812713,3.01,C4 (very high),Tez paketinde ölçülmüş su kalite serisi bulunmadığı için doluluk-temelli vekil EC serisi üretildi; gerçek DSİ/laboratuvar verisiyle değiştirilebilir.
2007-10-01,14.99227760245862,20204768.71608413,2.9,C4 (very high),Tez paketinde ölçülmüş su kalite serisi bulunmadığı için doluluk-temelli vekil EC serisi üretildi; gerçek DSİ/laboratuvar verisiyle değiştirilebilir.
2007-11-01,21.13707317772793,28485976.995310046,2.78,C4 (very high),Tez paketinde ölçülmüş su kalite serisi bulunmadığı için doluluk-temelli vekil EC serisi üretildi; gerçek DSİ/laboratuvar verisiyle değiştirilebilir.
2007-12-01,25.74692200277231,34698570.691604696,2.69,C4 (very high),Tez paketinde ölçülmüş su kalite serisi bulunmadığı için doluluk-temelli vekil EC serisi üretildi; gerçek DSİ/laboratuvar verisiyle değiştirilebilir.
2008-01-01,27.73987494214551,37384430.323464245,2.65,C4 (very high),Tez paketinde ölçülmüş su kalite serisi bulunmadığı için doluluk-temelli vekil EC serisi üretildi; gerçek DSİ/laboratuvar verisiyle değiştirilebilir.
2008-02-01,26.69346812701207,35974210.4593898,2.67,C4 (very high),Tez paketinde ölçülmüş su kalite serisi bulunmadığı için doluluk-temelli vekil EC serisi üretildi; gerçek DSİ/laboratuvar verisiyle değiştirilebilir.
2008-03-01,22.98436480729262,30975532.02598743,2.74,C4 (very high),Tez paketinde ölçülmüş su kalite serisi bulunmadığı için doluluk-temelli vekil EC serisi üretildi; gerçek DSİ/laboratuvar verisiyle değiştirilebilir.
2008-04-01,17.78611535626307,23969963.51454662,2.84,C4 (very high),Tez paketinde ölçülmüş su kalite serisi bulunmadığı için doluluk-temelli vekil EC serisi üretildi; gerçek DSİ/laboratuvar verisiyle değiştirilebilir.
2008-05-01,12.57259903226192,16943820.16814155,2.95,C4 (very high),Tez paketinde ölçülmüş su kalite serisi bulunmadığı için doluluk-temelli vekil EC serisi üretildi; gerçek DSİ/laboratuvar verisiyle değiştirilebilir.
2008-06-01,8.894029458485686,11986291.404667731,3.02,C4 (very high),Tez paketinde ölçülmüş su kalite serisi bulunmadığı için doluluk-temelli vekil EC serisi üretildi; gerçek DSİ/laboratuvar verisiyle değiştirilebilir.
2008-07-01,7.832355770380637,10555496.705629023,3.04,C4 (very high),Tez paketinde ölçülmüş su kalite serisi bulunmadığı için doluluk-temelli vekil EC serisi üretildi; gerçek DSİ/laboratuvar verisiyle değiştirilebilir.
2008-08-01,9.825308709753845,13241356.33748857,3.0,C4 (very high),Tez paketinde ölçülmüş su kalite serisi bulunmadığı için doluluk-temelli vekil EC serisi üretildi; gerçek DSİ/laboratuvar verisiyle değiştirilebilir.
2008-09-01,14.45042440776983,19474524.86874749,2.91,C4 (very high),Tez paketinde ölçülmüş su kalite serisi bulunmadığı için doluluk-temelli vekil EC serisi üretildi; gerçek DSİ/laboratuvar verisiyle değiştirilebilir.
2008-10-01,20.57995311006753,27735158.313009135,2.79,C4 (very high),Tez paketinde ölçülmüş su kalite serisi bulunmadığı için doluluk-temelli vekil EC serisi üretildi; gerçek DSİ/laboratuvar verisiyle değiştirilebilir.
2008-11-01,28.87198840342865,38910155.18343083,2.62,C4 (very high),Tez paketinde ölçülmüş su kalite serisi bulunmadığı için doluluk-temelli vekil EC serisi üretildi; gerçek DSİ/laboratuvar verisiyle değiştirilebilir.
2008-12-01,35.5938867585776,47969112.414621525,2.49,C4 (very high),Tez paketinde ölçülmüş su kalite serisi bulunmadığı için doluluk-temelli vekil EC serisi üretildi; gerçek DSİ/laboratuvar verisiyle değiştirilebilir.
2009-01-01,39.83991741503216,53691396.22298685,2.4,C4 (very high),Tez paketinde ölçülmüş su kalite serisi bulunmadığı için doluluk-temelli vekil EC serisi üretildi; gerçek DSİ/laboratuvar verisiyle değiştirilebilir.
2009-02-01,41.12406710961187,55422017.030832514,2.38,C4 (very high),Tez paketinde ölçülmüş su kalite serisi bulunmadığı için doluluk-temelli vekil EC serisi üretildi; gerçek DSİ/laboratuvar verisiyle değiştirilebilir.
2009-03-01,39.57556327639823,53335131.85996826,2.41,C4 (very high),Tez paketinde ölçülmüş su kalite serisi bulunmadığı için doluluk-temelli vekil EC serisi üretildi; gerçek DSİ/laboratuvar verisiyle değiştirilebilir.
2009-04-01,36.8137083340714,49613039.60575755,2.46,C4 (very high),Tez paketinde ölçülmüş su kalite serisi bulunmadığı için doluluk-temelli vekil EC serisi üretildi; gerçek DSİ/laboratuvar verisiyle değiştirilebilir.
2009-05-01,33.96265693446982,45770739.21257574,2.52,C4 (very high),Tez paketinde ölçülmüş su kalite serisi bulunmadığı için doluluk-temelli vekil EC serisi üretildi; gerçek DSİ/laboratuvar verisiyle değiştirilebilir.
2009-06-01,32.68174247308041,44044478.4586249,2.55,C4 (very high),Tez paketinde ölçülmüş su kalite serisi bulunmadığı için doluluk-temelli vekil EC serisi üretildi; gerçek DSİ/laboratuvar verisiyle değiştirilebilir.
2009-07-01,33.87669571038538,45654891.1274994,2.52,C4 (very high),Tez paketinde ölçülmüş su kalite serisi bulunmadığı için doluluk-temelli vekil EC serisi üretildi; gerçek DSİ/laboratuvar verisiyle değiştirilebilir.
2009-08-01,38.12272636683996,51377174.93586478,2.44,C4 (very high),Tez paketinde ölçülmüş su kalite serisi bulunmadığı için doluluk-temelli vekil EC serisi üretildi; gerçek DSİ/laboratuvar verisiyle değiştirilebilir.
2009-09-01,44.93382117926364,60556340.306026585,2.3,C4 (very high),Tez paketinde ölçülmüş su kalite serisi bulunmadığı için doluluk-temelli vekil EC serisi üretildi; gerçek DSİ/laboratuvar verisiyle değiştirilebilir.
2009-10-01,53.13666001535002,71611129.03747714,2.14,C4 (very high),Tez paketinde ölçülmüş su kalite serisi bulunmadığı için doluluk-temelli vekil EC serisi üretildi; gerçek DSİ/laboratuvar verisiyle değiştirilebilir.
2009-11-01,55.61144525763345,74946343.65717675,2.09,C4 (very high),Tez paketinde ölçülmüş su kalite serisi bulunmadığı için doluluk-temelli vekil EC serisi üretildi; gerçek DSİ/laboratuvar verisiyle değiştirilebilir.
2009-12-01,56.78144874556424,76523132.08769359,2.06,C4 (very high),Tez paketinde ölçülmüş su kalite serisi bulunmadığı için doluluk-temelli vekil EC serisi üretildi; gerçek DSİ/laboratuvar verisiyle değiştirilebilir.
2010-01-01,55.45156970362844,74730882.82609545,2.09,C4 (very high),Tez paketinde ölçülmüş su kalite serisi bulunmadığı için doluluk-temelli vekil EC serisi üretildi; gerçek DSİ/laboratuvar verisiyle değiştirilebilir.
2010-02-01,51.33648309990147,69185069.4894131,2.17,C4 (very high),Tez paketinde ölçülmüş su kalite serisi bulunmadığı için doluluk-temelli vekil EC serisi üretildi; gerçek DSİ/laboratuvar verisiyle değiştirilebilir.
2010-03-01,45.0728020724797,60743641.854053184,2.3,C4 (very high),Tez paketinde ölçülmüş su kalite serisi bulunmadığı için doluluk-temelli vekil EC serisi üretildi; gerçek DSİ/laboratuvar verisiyle değiştirilebilir.
2010-04-01,37.1530511845335,50070364.636073105,2.46,C4 (very high),Tez paketinde ölçülmüş su kalite serisi bulunmadığı için doluluk-temelli vekil EC serisi üretildi; gerçek DSİ/laboratuvar verisiyle değiştirilebilir.
2010-05-01,29.32112232313025,39515443.26645238,2.61,C4 (very high),Tez paketinde ölçülmüş su kalite serisi bulunmadığı için doluluk-temelli vekil EC serisi üretildi; gerçek DSİ/laboratuvar verisiyle değiştirilebilir.
2010-06-01,22.79397521607963,30718948.086014383,2.74,C4 (very high),Tez paketinde ölçülmüş su kalite serisi bulunmadığı için doluluk-temelli vekil EC serisi üretildi; gerçek DSİ/laboratuvar verisiyle değiştirilebilir.
2010-07-01,18.76671063889561,25291490.597691394,2.82,C4 (very high),Tez paketinde ölçülmüş su kalite serisi bulunmadığı için doluluk-temelli vekil EC serisi üretildi; gerçek DSİ/laboratuvar verisiyle değiştirilebilir.
2010-08-01,17.43683159695981,23499241.33609327,2.85,C4 (very high),Tez paketinde ölçülmüş su kalite serisi bulunmadığı için doluluk-temelli vekil EC serisi üretildi; gerçek DSİ/laboratuvar verisiyle değiştirilebilir.
2010-09-01,18.51901305834766,24957673.91825074,2.83,C4 (very high),Tez paketinde ölçülmüş su kalite serisi bulunmadığı için doluluk-temelli vekil EC serisi üretildi; gerçek DSİ/laboratuvar verisiyle değiştirilebilir.
2010-10-01,21.08162032717404,28411244.38630971,2.78,C4 (very high),Tez paketinde ölçülmüş su kalite serisi bulunmadığı için doluluk-temelli vekil EC serisi üretildi; gerçek DSİ/laboratuvar verisiyle değiştirilebilir.
2010-11-01,28.49716229162091,38405010.12818035,2.63,C4 (very high),Tez paketinde ölçülmüş su kalite serisi bulunmadığı için doluluk-temelli vekil EC serisi üretildi; gerçek DSİ/laboratuvar verisiyle değiştirilebilir.
2010-12-01,34.33224696855848,46268827.718974955,2.51,C4 (very high),Tez paketinde ölçülmüş su kalite serisi bulunmadığı için doluluk-temelli vekil EC serisi üretildi; gerçek DSİ/laboratuvar verisiyle değiştirilebilir.
2011-01-01,37.58191127001964,50648330.11060424,2.45,C4 (very high),Tez paketinde ölçülmüş su kalite serisi bulunmadığı için doluluk-temelli vekil EC serisi üretildi; gerçek DSİ/laboratuvar verisiyle değiştirilebilir.
2011-02-01,37.78194146405896,50917906.482785024,2.44,C4 (very high),Tez paketinde ölçülmüş su kalite serisi bulunmadığı için doluluk-temelli vekil EC serisi üretildi; gerçek DSİ/laboratuvar verisiyle değiştirilebilir.
2011-03-01,35.17399034742831,47403227.09039341,2.5,C4 (very high),Tez paketinde ölçülmüş su kalite serisi bulunmadığı için doluluk-temelli vekil EC serisi üretildi; gerçek DSİ/laboratuvar verisiyle değiştirilebilir.
2011-04-01,31.20814287848192,42058540.11233284,2.58,C4 (very high),Tez paketinde ölçülmüş su kalite serisi bulunmadığı için doluluk-temelli vekil EC serisi üretildi; gerçek DSİ/laboratuvar verisiyle değiştirilebilir.
2011-05-01,27.18665517573714,36638867.99292053,2.66,C4 (very high),Tez paketinde ölçülmüş su kalite serisi bulunmadığı için doluluk-temelli vekil EC serisi üretildi; gerçek DSİ/laboratuvar verisiyle değiştirilebilir.
2011-06-01,24.74562476050167,33349144.024584245,2.71,C4 (very high),Tez paketinde ölçülmüş su kalite serisi bulunmadığı için doluluk-temelli vekil EC serisi üretildi; gerçek DSİ/laboratuvar verisiyle değiştirilebilir.
2011-07-01,24.8900147207426,33543735.255413253,2.7,C4 (very high),Tez paketinde ölçülmüş su kalite serisi bulunmadığı için doluluk-temelli vekil EC serisi üretildi; gerçek DSİ/laboratuvar verisiyle değiştirilebilir.
2011-08-01,28.13967902220377,37923237.64704254,2.64,C4 (very high),Tez paketinde ölçülmüş su kalite serisi bulunmadığı için doluluk-temelli vekil EC serisi üretildi; gerçek DSİ/laboratuvar verisiyle değiştirilebilir.
2011-09-01,34.03040393293972,45862040.379188925,2.52,C4 (very high),Tez paketinde ölçülmüş su kalite serisi bulunmadığı için doluluk-temelli vekil EC serisi üretildi; gerçek DSİ/laboratuvar verisiyle değiştirilebilir.
2011-10-01,41.3903056635882,55780820.979707785,2.37,C4 (very high),Tez paketinde ölçülmüş su kalite serisi bulunmadığı için doluluk-temelli vekil EC serisi üretildi; gerçek DSİ/laboratuvar verisiyle değiştirilebilir.
2011-11-01,43.42998316316354,58529650.29217742,2.33,C4 (very high),Tez paketinde ölçülmüş su kalite serisi bulunmadığı için doluluk-temelli vekil EC serisi üretildi; gerçek DSİ/laboratuvar verisiyle değiştirilebilir.
2011-12-01,44.09685978777516,59428385.51571884,2.32,C4 (very high),Tez paketinde ölçülmüş su kalite serisi bulunmadığı için doluluk-temelli vekil EC serisi üretildi; gerçek DSİ/laboratuvar verisiyle değiştirilebilir.
2012-01-01,42.07701265752674,56706281.163687445,2.36,C4 (very high),Tez paketinde ölçülmüş su kalite serisi bulunmadığı için doluluk-temelli vekil EC serisi üretildi; gerçek DSİ/laboratuvar verisiyle değiştirilebilir.
2012-02-01,37.08538724367006,49979175.40440222,2.46,C4 (very high),Tez paketinde ölçülmüş su kalite serisi bulunmadığı için doluluk-temelli vekil EC serisi üretildi; gerçek DSİ/laboratuvar verisiyle değiştirilebilir.
2012-03-01,29.74630287547455,40088449.91364017,2.61,C4 (very high),Tez paketinde ölçülmüş su kalite serisi bulunmadığı için doluluk-temelli vekil EC serisi üretildi; gerçek DSİ/laboratuvar verisiyle değiştirilebilir.
2012-04-01,20.6951528317941,27890410.489853892,2.79,C4 (very high),Tez paketinde ölçülmüş su kalite serisi bulunmadığı için doluluk-temelli vekil EC serisi üretildi; gerçek DSİ/laboratuvar verisiyle değiştirilebilir.
2012-05-01,11.75709105495406,15844777.68076627,2.96,C4 (very high),Tez paketinde ölçülmüş su kalite serisi bulunmadığı için doluluk-temelli vekil EC serisi üretildi; gerçek DSİ/laboratuvar verisiyle değiştirilebilir.
2012-06-01,5.0,6738392.008153152,3.1,C4 (very high),Tez paketinde ölçülmüş su kalite serisi bulunmadığı için doluluk-temelli vekil EC serisi üretildi; gerçek DSİ/laboratuvar verisiyle değiştirilebilir.
2012-07-01,5.0,6738392.008153152,3.1,C4 (very high),Tez paketinde ölçülmüş su kalite serisi bulunmadığı için doluluk-temelli vekil EC serisi üretildi; gerçek DSİ/laboratuvar verisiyle değiştirilebilir.
2012-08-01,5.0,6738392.008153152,3.1,C4 (very high),Tez paketinde ölçülmüş su kalite serisi bulunmadığı için doluluk-temelli vekil EC serisi üretildi; gerçek DSİ/laboratuvar verisiyle değiştirilebilir.
2012-09-01,5.0,6738392.008153152,3.1,C4 (very high),Tez paketinde ölçülmüş su kalite serisi bulunmadığı için doluluk-temelli vekil EC serisi üretildi; gerçek DSİ/laboratuvar verisiyle değiştirilebilir.
2012-10-01,5.0,6738392.008153152,3.1,C4 (very high),Tez paketinde ölçülmüş su kalite serisi bulunmadığı için doluluk-temelli vekil EC serisi üretildi; gerçek DSİ/laboratuvar verisiyle değiştirilebilir.
2012-11-01,10.32053717528109,13908765.044352315,2.99,C4 (very high),Tez paketinde ölçülmüş su kalite serisi bulunmadığı için doluluk-temelli vekil EC serisi üretildi; gerçek DSİ/laboratuvar verisiyle değiştirilebilir.
2012-12-01,14.21544071114584,19157842.41607201,2.92,C4 (very high),Tez paketinde ölçülmüş su kalite serisi bulunmadığı için doluluk-temelli vekil EC serisi üretildi; gerçek DSİ/laboratuvar verisiyle değiştirilebilir.
2013-01-01,15.64107435056217,21079138.080551475,2.89,C4 (very high),Tez paketinde ölçülmüş su kalite serisi bulunmadığı için doluluk-temelli vekil EC serisi üretildi; gerçek DSİ/laboratuvar verisiyle değiştirilebilir.
2013-02-01,14.21544071114583,19157842.416072007,2.92,C4 (very high),Tez paketinde ölçülmüş su kalite serisi bulunmadığı için doluluk-temelli vekil EC serisi üretildi; gerçek DSİ/laboratuvar verisiyle değiştirilebilir.
2013-03-01,10.32053717528109,13908765.044352315,2.99,C4 (very high),Tez paketinde ölçülmüş su kalite serisi bulunmadığı için doluluk-temelli vekil EC serisi üretildi; gerçek DSİ/laboratuvar verisiyle değiştirilebilir.
2013-04-01,5.0,6738392.008153152,3.1,C4 (very high),Tez paketinde ölçülmüş su kalite serisi bulunmadığı için doluluk-temelli vekil EC serisi üretildi; gerçek DSİ/laboratuvar verisiyle değiştirilebilir.
2013-05-01,5.0,6738392.008153152,3.1,C4 (very high),Tez paketinde ölçülmüş su kalite serisi bulunmadığı için doluluk-temelli vekil EC serisi üretildi; gerçek DSİ/laboratuvar verisiyle değiştirilebilir.
2013-06-01,5.0,6738392.008153152,3.1,C4 (very high),Tez paketinde ölçülmüş su kalite serisi bulunmadığı için doluluk-temelli vekil EC serisi üretildi; gerçek DSİ/laboratuvar verisiyle değiştirilebilir.
2013-07-01,5.0,6738392.008153152,3.1,C4 (very high),Tez paketinde ölçülmüş su kalite serisi bulunmadığı için doluluk-temelli vekil EC serisi üretildi; gerçek DSİ/laboratuvar verisiyle değiştirilebilir.
2013-08-01,5.0,6738392.008153152,3.1,C4 (very high),Tez paketinde ölçülmüş su kalite serisi bulunmadığı için doluluk-temelli vekil EC serisi üretildi; gerçek DSİ/laboratuvar verisiyle değiştirilebilir.
2013-09-01,5.0,6738392.008153152,3.1,C4 (very high),Tez paketinde ölçülmüş su kalite serisi bulunmadığı için doluluk-temelli vekil EC serisi üretildi; gerçek DSİ/laboratuvar verisiyle değiştirilebilir.
2013-10-01,5.8,7816534.729457656,3.08,C4 (very high),Tez paketinde ölçülmüş su kalite serisi bulunmadığı için doluluk-temelli vekil EC serisi üretildi; gerçek DSİ/laboratuvar verisiyle değiştirilebilir.
2013-11-01,13.65051151994232,18396499.54663637,2.93,C4 (very high),Tez paketinde ölçülmüş su kalite serisi bulunmadığı için doluluk-temelli vekil EC serisi üretildi; gerçek DSİ/laboratuvar verisiyle değiştirilebilir.
2013-12-01,19.83587031586675,26732374.002239756,2.8,C4 (very high),Tez paketinde ölçülmüş su kalite serisi bulunmadığı için doluluk-temelli vekil EC serisi üretildi; gerçek DSİ/laboratuvar verisiyle değiştirilebilir.
2014-01-01,23.30102303988463,31402285.48675022,2.73,C4 (very high),Tez paketinde ölçülmüş su kalite serisi bulunmadığı için doluluk-temelli vekil EC serisi üretildi; gerçek DSİ/laboratuvar verisiyle değiştirilebilir.
2014-02-01,23.55587031586675,31745737.6563057,2.73,C4 (very high),Tez paketinde ölçülmüş su kalite serisi bulunmadığı için doluluk-temelli vekil EC serisi üretildi; gerçek DSİ/laboratuvar verisiyle değiştirilebilir.
2014-03-01,20.85051151994232,28099784.0383769,2.78,C4 (very high),Tez paketinde ölçülmüş su kalite serisi bulunmadığı için doluluk-temelli vekil EC serisi üretildi; gerçek DSİ/laboratuvar verisiyle değiştirilebilir.
2014-04-01,16.72,22533182.875264138,2.87,C4 (very high),Tez paketinde ölçülmüş su kalite serisi bulunmadığı için doluluk-temelli vekil EC serisi üretildi; gerçek DSİ/laboratuvar verisiyle değiştirilebilir.
2014-05-01,12.52948848005768,16885721.008053534,2.95,C4 (very high),Tez paketinde ölçülmüş su kalite serisi bulunmadığı için doluluk-temelli vekil EC serisi üretildi; gerçek DSİ/laboratuvar verisiyle değiştirilebilir.
2014-06-01,10.00412968413325,13482349.502418237,3.0,C4 (very high),Tez paketinde ölçülmüş su kalite serisi bulunmadığı için doluluk-temelli vekil EC serisi üretildi; gerçek DSİ/laboratuvar verisiyle değiştirilebilir.
2014-07-01,10.19897696011537,13744940.967875902,3.0,C4 (very high),Tez paketinde ölçülmüş su kalite serisi bulunmadığı için doluluk-temelli vekil EC serisi üretildi; gerçek DSİ/laboratuvar verisiyle değiştirilebilir.
2014-08-01,13.66412968413325,18414852.45238635,2.93,C4 (very high),Tez paketinde ölçülmüş su kalite serisi bulunmadığı için doluluk-temelli vekil EC serisi üretildi; gerçek DSİ/laboratuvar verisiyle değiştirilebilir.
2014-09-01,19.90948848005768,26831587.612087592,2.8,C4 (very high),Tez paketinde ölçülmüş su kalite serisi bulunmadığı için doluluk-temelli vekil EC serisi üretildi; gerçek DSİ/laboratuvar verisiyle değiştirilebilir.
2014-10-01,27.7,37330691.72516846,2.65,C4 (very high),Tez paketinde ölçülmüş su kalite serisi bulunmadığı için doluluk-temelli vekil EC serisi üretildi; gerçek DSİ/laboratuvar verisiyle değiştirilebilir.
2014-11-01,33.8796945081633,45658932.54249558,2.52,C4 (very high),Tez paketinde ölçülmüş su kalite serisi bulunmadığı için doluluk-temelli vekil EC serisi üretildi; gerçek DSİ/laboratuvar verisiyle değiştirilebilir.
2014-12-01,38.56168392428741,51968748.555269234,2.43,C4 (very high),Tez paketinde ölçülmüş su kalite serisi bulunmadığı için doluluk-temelli vekil EC serisi üretildi; gerçek DSİ/laboratuvar verisiyle değiştirilebilir.
2015-01-01,40.70870408481976,54862241.25348421,2.39,C4 (very high),Tez paketinde ölçülmüş su kalite serisi bulunmadığı için doluluk-temelli vekil EC serisi üretildi; gerçek DSİ/laboratuvar verisiyle değiştirilebilir.
2015-02-01,39.90360173250659,53777222.20216973,2.4,C4 (very high),Tez paketinde ölçülmüş su kalite serisi bulunmadığı için doluluk-temelli vekil EC serisi üretildi; gerçek DSİ/laboratuvar verisiyle değiştirilebilir.
2015-03-01,36.47695478213591,49159204.11714171,2.47,C4 (very high),Tez paketinde ölçülmüş su kalite serisi bulunmadığı için doluluk-temelli vekil EC serisi üretildi; gerçek DSİ/laboratuvar verisiyle değiştirilebilir.
2015-04-01,31.63917808219178,42639436.94671509,2.57,C4 (very high),Tez paketinde ölçülmüş su kalite serisi bulunmadığı için doluluk-temelli vekil EC serisi üretildi; gerçek DSİ/laboratuvar verisiyle değiştirilebilir.
2015-05-01,26.77975754663121,36090500.846499756,2.66,C4 (very high),Tez paketinde ölçülmüş su kalite serisi bulunmadığı için doluluk-temelli vekil EC serisi üretildi; gerçek DSİ/laboratuvar verisiyle değiştirilebilir.
2015-06-01,23.41804210310985,31559989.550837882,2.73,C4 (very high),Tez paketinde ölçülmüş su kalite serisi bulunmadığı için doluluk-temelli vekil EC serisi üretildi; gerçek DSİ/laboratuvar verisiyle değiştirilebilir.
2015-07-01,22.59129591518023,30445801.56973467,2.75,C4 (very high),Tez paketinde ölçülmüş su kalite serisi bulunmadığı için doluluk-temelli vekil EC serisi üretildi; gerçek DSİ/laboratuvar verisiyle değiştirilebilir.
2015-08-01,24.73831607571259,33339294.267949667,2.71,C4 (very high),Tez paketinde ölçülmüş su kalite serisi bulunmadığı için doluluk-temelli vekil EC serisi üretildi; gerçek DSİ/laboratuvar verisiyle değiştirilebilir.
2015-09-01,29.44194932745313,39678279.21051206,2.61,C4 (very high),Tez paketinde ölçülmüş su kalite serisi bulunmadığı için doluluk-temelli vekil EC serisi üretildi; gerçek DSİ/laboratuvar verisiyle değiştirilebilir.
2015-10-01,35.6,47977351.09805044,2.49,C4 (very high),Tez paketinde ölçülmüş su kalite serisi bulunmadığı için doluluk-temelli vekil EC serisi üretildi; gerçek DSİ/laboratuvar verisiyle değiştirilebilir.
2015-11-01,40.35914707356626,54391150.819279306,2.39,C4 (very high),Tez paketinde ölçülmüş su kalite serisi bulunmadığı için doluluk-temelli vekil EC serisi üretildi; gerçek DSİ/laboratuvar verisiyle değiştirilebilir.
2015-12-01,43.61949994300544,58785057.96311694,2.33,C4 (very high),Tez paketinde ölçülmüş su kalite serisi bulunmadığı için doluluk-temelli vekil EC serisi üretildi; gerçek DSİ/laboratuvar verisiyle değiştirilebilir.
2016-01-01,44.20026136024727,59567737.58163416,2.32,C4 (very high),Tez paketinde ölçülmüş su kalite serisi bulunmadığı için doluluk-temelli vekil EC serisi üretildi; gerçek DSİ/laboratuvar verisiyle değiştirilebilir.
2016-02-01,41.72223218344259,56228151.181443974,2.37,C4 (very high),Tez paketinde ölçülmüş su kalite serisi bulunmadığı için doluluk-temelli vekil EC serisi üretildi; gerçek DSİ/laboratuvar verisiyle değiştirilebilir.
2016-03-01,36.65641483312911,49401058.55182076,2.47,C4 (very high),Tez paketinde ölçülmüş su kalite serisi bulunmadığı için doluluk-temelli vekil EC serisi üretildi; gerçek DSİ/laboratuvar verisiyle değiştirilebilir.
2016-04-01,30.0,40430352.04891891,2.6,C4 (very high),Tez paketinde ölçülmüş su kalite serisi bulunmadığı için doluluk-temelli vekil EC serisi üretildi; gerçek DSİ/laboratuvar verisiyle değiştirilebilir.
2016-05-01,23.37418625976708,31500885.977979526,2.73,C4 (very high),Tez paketinde ölçülmüş su kalite serisi bulunmadığı için doluluk-temelli vekil EC serisi üretildi; gerçek DSİ/laboratuvar verisiyle değiştirilebilir.
2016-06-01,18.24716672366123,24591312.484431386,2.84,C4 (very high),Tez paketinde ölçülmüş su kalite serisi bulunmadığı için doluluk-temelli vekil EC serisi üretildi; gerçek DSİ/laboratuvar verisiyle değiştirilebilir.
2016-07-01,15.79973863975273,21292966.51620366,2.88,C4 (very high),Tez paketinde ölçülmüş su kalite serisi bulunmadığı için doluluk-temelli vekil EC serisi üretildi; gerçek DSİ/laboratuvar verisiyle değiştirilebilir.
2016-08-01,16.38050005699456,22075646.134720884,2.87,C4 (very high),Tez paketinde ölçülmüş su kalite serisi bulunmadığı için doluluk-temelli vekil EC serisi üretildi; gerçek DSİ/laboratuvar verisiyle değiştirilebilir.
2016-09-01,19.61025183353757,26428312.84659605,2.81,C4 (very high),Tez paketinde ölçülmüş su kalite serisi bulunmadığı için doluluk-temelli vekil EC serisi üretildi; gerçek DSİ/laboratuvar verisiyle değiştirilebilir.
2016-10-01,24.4,32883352.999787383,2.71,C4 (very high),Tez paketinde ölçülmüş su kalite serisi bulunmadığı için doluluk-temelli vekil EC serisi üretildi; gerçek DSİ/laboratuvar verisiyle değiştirilebilir.
2016-11-01,28.43183717055034,38316972.87342963,2.63,C4 (very high),Tez paketinde ölçülmüş su kalite serisi bulunmadığı için doluluk-temelli vekil EC serisi üretildi; gerçek DSİ/laboratuvar verisiyle değiştirilebilir.
2016-12-01,31.03303878095332,41822556.10205654,2.58,C4 (very high),Tez paketinde ölçülmüş su kalite serisi bulunmadığı için doluluk-temelli vekil EC serisi üretildi; gerçek DSİ/laboratuvar verisiyle değiştirilebilir.
2017-01-01,31.02531817671712,41812151.21047987,2.58,C4 (very high),Tez paketinde ölçülmüş su kalite serisi bulunmadığı için doluluk-temelli vekil EC serisi üretildi; gerçek DSİ/laboratuvar verisiyle değiştirilebilir.
2017-02-01,28.06043604122729,37816443.59309973,2.64,C4 (very high),Tez paketinde ölçülmüş su kalite serisi bulunmadığı için doluluk-temelli vekil EC serisi üretildi; gerçek DSİ/laboratuvar verisiyle değiştirilebilir.
2017-03-01,22.6784125130161,30563206.727061633,2.75,C4 (very high),Tez paketinde ölçülmüş su kalite serisi bulunmadığı için doluluk-temelli vekil EC serisi üretildi; gerçek DSİ/laboratuvar verisiyle değiştirilebilir.
2017-04-01,15.67397260273972,21123474.34446256,2.89,C4 (very high),Tez paketinde ölçülmüş su kalite serisi bulunmadığı için doluluk-temelli vekil EC serisi üretildi; gerçek DSİ/laboratuvar verisiyle değiştirilebilir.
2017-05-01,8.717477897942805,11748356.679749906,3.03,C4 (very high),Tez paketinde ölçülmüş su kalite serisi bulunmadığı için doluluk-temelli vekil EC serisi üretildi; gerçek DSİ/laboratuvar verisiyle değiştirilebilir.
2017-06-01,5.0,6738392.008153152,3.1,C4 (very high),Tez paketinde ölçülmüş su kalite serisi bulunmadığı için doluluk-temelli vekil EC serisi üretildi; gerçek DSİ/laboratuvar verisiyle değiştirilebilir.
2017-07-01,5.0,6738392.008153152,3.1,C4 (very high),Tez paketinde ölçülmüş su kalite serisi bulunmadığı için doluluk-temelli vekil EC serisi üretildi; gerçek DSİ/laboratuvar verisiyle değiştirilebilir.
2017-08-01,5.0,6738392.008153152,3.1,C4 (very high),Tez paketinde ölçülmüş su kalite serisi bulunmadığı için doluluk-temelli vekil EC serisi üretildi; gerçek DSİ/laboratuvar verisiyle değiştirilebilir.
2017-09-01,5.0,6738392.008153152,3.1,C4 (very high),Tez paketinde ölçülmüş su kalite serisi bulunmadığı için doluluk-temelli vekil EC serisi üretildi; gerçek DSİ/laboratuvar verisiyle değiştirilebilir.
2017-10-01,6.9,9298980.971251352,3.06,C4 (very high),Tez paketinde ölçülmüş su kalite serisi bulunmadığı için doluluk-temelli vekil EC serisi üretildi; gerçek DSİ/laboratuvar verisiyle değiştirilebilir.
2017-11-01,13.21145353622131,17804790.584912077,2.94,C4 (very high),Tez paketinde ölçülmüş su kalite serisi bulunmadığı için doluluk-temelli vekil EC serisi üretildi; gerçek DSİ/laboratuvar verisiyle değiştirilebilir.
2017-12-01,17.96881764903512,24216187.448443912,2.84,C4 (very high),Tez paketinde ölçülmüş su kalite serisi bulunmadığı için doluluk-temelli vekil EC serisi üretildi; gerçek DSİ/laboratuvar verisiyle değiştirilebilir.
2018-01-01,20.0856697997926,27069023.37146512,2.8,C4 (very high),Tez paketinde ölçülmüş su kalite serisi bulunmadığı için doluluk-temelli vekil EC serisi üretildi; gerçek DSİ/laboratuvar verisiyle değiştirilebilir.
2018-02-01,19.13186061889172,25783595.339088,2.82,C4 (very high),Tez paketinde ölçülmüş su kalite serisi bulunmadığı için doluluk-temelli vekil EC serisi üretildi; gerçek DSİ/laboratuvar verisiyle değiştirilebilir.
2018-03-01,15.46250444562119,20838483.276481282,2.89,C4 (very high),Tez paketinde ölçülmüş su kalite serisi bulunmadığı için doluluk-temelli vekil EC serisi üretildi; gerçek DSİ/laboratuvar verisiyle değiştirilebilir.
2018-04-01,10.31409387925647,13900081.553464627,2.99,C4 (very high),Tez paketinde ölçülmüş su kalite serisi bulunmadığı için doluluk-temelli vekil EC serisi üretildi; gerçek DSİ/laboratuvar verisiyle değiştirilebilir.
2018-05-01,5.146924555313428,6936399.058018243,3.1,C4 (very high),Tez paketinde ölçülmüş su kalite serisi bulunmadığı için doluluk-temelli vekil EC serisi üretildi; gerçek DSİ/laboratuvar verisiyle değiştirilebilir.
2018-06-01,5.0,6738392.008153152,3.1,C4 (very high),Tez paketinde ölçülmüş su kalite serisi bulunmadığı için doluluk-temelli vekil EC serisi üretildi; gerçek DSİ/laboratuvar verisiyle değiştirilebilir.
2018-07-01,5.0,6738392.008153152,3.1,C4 (very high),Tez paketinde ölçülmüş su kalite serisi bulunmadığı için doluluk-temelli vekil EC serisi üretildi; gerçek DSİ/laboratuvar verisiyle değiştirilebilir.
2018-08-01,5.0,6738392.008153152,3.1,C4 (very high),Tez paketinde ölçülmüş su kalite serisi bulunmadığı için doluluk-temelli vekil EC serisi üretildi; gerçek DSİ/laboratuvar verisiyle değiştirilebilir.
2018-09-01,7.454251737448296,10045934.06687667,3.05,C4 (very high),Tez paketinde ölçülmüş su kalite serisi bulunmadığı için doluluk-temelli vekil EC serisi üretildi; gerçek DSİ/laboratuvar verisiyle değiştirilebilir.
2018-10-01,13.74694651609128,18526462.908107653,2.93,C4 (very high),Tez paketinde ölçülmüş su kalite serisi bulunmadığı için doluluk-temelli vekil EC serisi üretildi; gerçek DSİ/laboratuvar verisiyle değiştirilebilir.
2018-11-01,20.08232091202139,27064510.14774638,2.8,C4 (very high),Tez paketinde ölçülmüş su kalite serisi bulunmadığı için doluluk-temelli vekil EC serisi üretildi; gerçek DSİ/laboratuvar verisiyle değiştirilebilir.
2018-12-01,24.95646814967505,33633293.10629981,2.7,C4 (very high),Tez paketinde ölçülmüş su kalite serisi bulunmadığı için doluluk-temelli vekil EC serisi üretildi; gerçek DSİ/laboratuvar verisiyle değiştirilebilir.
2019-01-01,27.38806575306851,36910304.67784996,2.65,C4 (very high),Tez paketinde ölçülmüş su kalite serisi bulunmadığı için doluluk-temelli vekil EC serisi üretildi; gerçek DSİ/laboratuvar verisiyle değiştirilebilir.
2019-02-01,26.96190040291686,36335970.83992724,2.66,C4 (very high),Tez paketinde ölçülmüş su kalite serisi bulunmadığı için doluluk-temelli vekil EC serisi üretildi; gerçek DSİ/laboratuvar verisiyle değiştirilebilir.
2019-03-01,23.96380269248942,32295499.30960593,2.72,C4 (very high),Tez paketinde ölçülmüş su kalite serisi bulunmadığı için doluluk-temelli vekil EC serisi üretildi; gerçek DSİ/laboratuvar verisiyle değiştirilebilir.
2019-04-01,19.63386054980112,26460129.803594664,2.81,C4 (very high),Tez paketinde ölçülmüş su kalite serisi bulunmadığı için doluluk-temelli vekil EC serisi üretildi; gerçek DSİ/laboratuvar verisiyle değiştirilebilir.
2019-05-01,15.27157272560892,20581168.721234564,2.89,C4 (very high),Tez paketinde ölçülmüş su kalite serisi bulunmadığı için doluluk-temelli vekil EC serisi üretildi; gerçek DSİ/laboratuvar verisiyle değiştirilebilir.
2019-06-01,12.37051205969318,16671471.919959737,2.95,C4 (very high),Tez paketinde ölçülmüş su kalite serisi bulunmadığı için doluluk-temelli vekil EC serisi üretildi; gerçek DSİ/laboratuvar verisiyle değiştirilebilir.
2019-07-01,11.91200102803763,16053546.505688185,2.96,C4 (very high),Tez paketinde ölçülmüş su kalite serisi bulunmadığı için doluluk-temelli vekil EC serisi üretildi; gerçek DSİ/laboratuvar verisiyle değiştirilebilir.
2019-08-01,14.34359863143109,19330558.077238347,2.91,C4 (very high),Tez paketinde ölçülmüş su kalite serisi bulunmadığı için doluluk-temelli vekil EC serisi üretildi; gerçek DSİ/laboratuvar verisiyle değiştirilebilir.
2019-09-01,19.25009155058865,25942932.612140622,2.81,C4 (very high),Tez paketinde ölçülmüş su kalite serisi bulunmadığı için doluluk-temelli vekil EC serisi üretildi; gerçek DSİ/laboratuvar verisiyle değiştirilebilir.
2019-10-01,25.55312026501486,34437388.2754305,2.69,C4 (very high),Tez paketinde ölçülmüş su kalite serisi bulunmadığı için doluluk-temelli vekil EC serisi üretildi; gerçek DSİ/laboratuvar verisiyle değiştirilebilir.
2019-11-01,30.71583264697959,41395064.24643538,2.59,C4 (very high),Tez paketinde ölçülmüş su kalite serisi bulunmadığı için doluluk-temelli vekil EC serisi üretildi; gerçek DSİ/laboratuvar verisiyle değiştirilebilir.
2019-12-01,34.34845330165293,46290668.64405597,2.51,C4 (very high),Tez paketinde ölçülmüş su kalite serisi bulunmadığı için doluluk-temelli vekil EC serisi üretildi; gerçek DSİ/laboratuvar verisiyle değiştirilebilir.
2020-01-01,35.27600501319621,47540710.05209837,2.49,C4 (very high),Tez paketinde ölçülmüş su kalite serisi bulunmadığı için doluluk-temelli vekil EC serisi üretildi; gerçek DSİ/laboratuvar verisiyle değiştirilebilir.
2020-02-01,33.10320393577351,44612472.96901602,2.54,C4 (very high),Tez paketinde ölçülmüş su kalite serisi bulunmadığı için doluluk-temelli vekil EC serisi üretildi; gerçek DSİ/laboratuvar verisiyle değiştirilebilir.
2020-03-01,28.28558791679557,38119875.91288973,2.63,C4 (very high),Tez paketinde ölçülmüş su kalite serisi bulunmadığı için doluluk-temelli vekil EC serisi üretildi; gerçek DSİ/laboratuvar verisiyle değiştirilebilir.
2020-04-01,21.87762616895142,29484004.266844917,2.76,C4 (very high),Tez paketinde ölçülmüş su kalite serisi bulunmadığı için doluluk-temelli vekil EC serisi üretildi; gerçek DSİ/laboratuvar verisiyle değiştirilebilir.
2020-05-01,15.48974908829889,20875200.292978156,2.89,C4 (very high),Tez paketinde ölçülmüş su kalite serisi bulunmadığı için doluluk-temelli vekil EC serisi üretildi; gerçek DSİ/laboratuvar verisiyle değiştirilebilir.
2020-06-01,10.63196373493773,14328467.892495701,2.99,C4 (very high),Tez paketinde ölçülmüş su kalite serisi bulunmadığı için doluluk-temelli vekil EC serisi üretildi; gerçek DSİ/laboratuvar verisiyle değiştirilebilir.
2020-07-01,8.479247324706638,11427298.48159144,3.03,C4 (very high),Tez paketinde ölçülmüş su kalite serisi bulunmadığı için doluluk-temelli vekil EC serisi üretildi; gerçek DSİ/laboratuvar verisiyle değiştirilebilir.
2020-08-01,9.406799036249916,12677339.88963384,3.01,C4 (very high),Tez paketinde ölçülmüş su kalite serisi bulunmadığı için doluluk-temelli vekil EC serisi üretildi; gerçek DSİ/laboratuvar verisiyle değiştirilebilir.
2020-09-01,13.01933502373165,17545876.61507636,2.94,C4 (very high),Tez paketinde ölçülmüş su kalite serisi bulunmadığı için doluluk-temelli vekil EC serisi üretildi; gerçek DSİ/laboratuvar verisiyle değiştirilebilir.
2020-10-01,18.20213207288798,24530620.258259308,2.84,C4 (very high),Tez paketinde ölçülmüş su kalite serisi bulunmadığı için doluluk-temelli vekil EC serisi üretildi; gerçek DSİ/laboratuvar verisiyle değiştirilebilir.
2020-11-01,23.61853872010887,31830194.511167485,2.73,C4 (very high),Tez paketinde ölçülmüş su kalite serisi bulunmadığı için doluluk-temelli vekil EC serisi üretildi; gerçek DSİ/laboratuvar verisiyle değiştirilebilir.
2020-12-01,27.56753977156934,37152177.93623741,2.65,C4 (very high),Tez paketinde ölçülmüş su kalite serisi bulunmadığı için doluluk-temelli vekil EC serisi üretildi; gerçek DSİ/laboratuvar verisiyle değiştirilebilir.
2021-01-01,28.96890564680188,39040768.459070496,2.62,C4 (very high),Tez paketinde ölçülmüş su kalite serisi bulunmadığı için doluluk-temelli vekil EC serisi üretildi; gerçek DSİ/laboratuvar verisiyle değiştirilebilir.
2021-02-01,27.43105768247838,36968243.972560085,2.65,C4 (very high),Tez paketinde ölçülmüş su kalite serisi bulunmadığı için doluluk-temelli vekil EC serisi üretildi; gerçek DSİ/laboratuvar verisiyle değiştirilebilir.
2021-03-01,23.35437983799733,31474193.291146856,2.73,C4 (very high),Tez paketinde ölçülmüş su kalite serisi bulunmadığı için doluluk-temelli vekil EC serisi üretildi; gerçek DSİ/laboratuvar verisiyle değiştirilebilir.
2021-04-01,17.80149110168548,23990685.07456138,2.84,C4 (very high),Tez paketinde ölçülmüş su kalite serisi bulunmadığı için doluluk-temelli vekil EC serisi üretildi; gerçek DSİ/laboratuvar verisiyle değiştirilebilir.
2021-05-01,12.25080368939122,16510143.534809392,2.95,C4 (very high),Tez paketinde ölçülmüş su kalite serisi bulunmadığı için doluluk-temelli vekil EC serisi üretildi; gerçek DSİ/laboratuvar verisiyle değiştirilebilir.
2021-06-01,8.167521872857389,11007192.82289566,3.04,C4 (very high),Tez paketinde ölçülmüş su kalite serisi bulunmadığı için doluluk-temelli vekil EC serisi üretildi; gerçek DSİ/laboratuvar verisiyle değiştirilebilir.
2021-07-01,6.631875232551483,8937635.013218747,3.07,C4 (very high),Tez paketinde ölçülmüş su kalite serisi bulunmadığı için doluluk-temelli vekil EC serisi üretildi; gerçek DSİ/laboratuvar verisiyle değiştirilebilir.
2021-08-01,8.033241107784026,10826225.536051847,3.04,C4 (very high),Tez paketinde ölçülmüş su kalite serisi bulunmadığı için doluluk-temelli vekil EC serisi üretildi; gerçek DSİ/laboratuvar verisiyle değiştirilebilir.
2021-09-01,11.98004083522689,16145242.284288263,2.96,C4 (very high),Tez paketinde ölçülmüş su kalite serisi bulunmadığı için doluluk-temelli vekil EC serisi üretildi; gerçek DSİ/laboratuvar verisiyle değiştirilebilir.
2021-10-01,17.39864880646538,23447783.214029938,2.85,C4 (very high),Tez paketinde ölçülmüş su kalite serisi bulunmadığı için doluluk-temelli vekil EC serisi üretildi; gerçek DSİ/laboratuvar verisiyle değiştirilebilir.
2021-11-01,23.59796393474963,31802466.317320652,2.73,C4 (very high),Tez paketinde ölçülmüş su kalite serisi bulunmadığı için doluluk-temelli vekil EC serisi üretildi; gerçek DSİ/laboratuvar verisiyle değiştirilebilir.
2021-12-01,28.25578560023568,38079711.97454339,2.63,C4 (very high),Tez paketinde ölçülmüş su kalite serisi bulunmadığı için doluluk-temelli vekil EC serisi üretildi; gerçek DSİ/laboratuvar verisiyle değiştirilebilir.
2022-01-01,30.28838662939606,40819004.48067503,2.59,C4 (very high),Tez paketinde ölçülmüş su kalite serisi bulunmadığı için doluluk-temelli vekil EC serisi üretildi; gerçek DSİ/laboratuvar verisiyle değiştirilebilir.
2022-02-01,29.27074123738419,39447545.76534171,2.61,C4 (very high),Tez paketinde ölçülmüş su kalite serisi bulunmadığı için doluluk-temelli vekil EC serisi üretildi; gerçek DSİ/laboratuvar verisiyle değiştirilebilir.
2022-03-01,25.56239420019838,34449886.55757545,2.69,C4 (very high),Tez paketinde ölçülmüş su kalite serisi bulunmadığı için doluluk-temelli vekil EC serisi üretildi; gerçek DSİ/laboratuvar verisiyle değiştirilebilir.
2022-04-01,20.37803470906266,27463037.245083068,2.79,C4 (very high),Tez paketinde ölçülmüş su kalite serisi bulunmadığı için doluluk-temelli vekil EC serisi üretildi; gerçek DSİ/laboratuvar verisiyle değiştirilebilir.
2022-05-01,15.17730496571486,20454126.097255237,2.9,C4 (very high),Tez paketinde ölçülmüş su kalite serisi bulunmadığı için doluluk-temelli vekil EC serisi üretildi; gerçek DSİ/laboratuvar verisiyle değiştirilebilir.
2022-06-01,11.51806868516526,15522652.395495338,2.97,C4 (very high),Tez paketinde ölçülmüş su kalite serisi bulunmadığı için doluluk-temelli vekil EC serisi üretildi; gerçek DSİ/laboratuvar verisiyle değiştirilebilir.
2022-07-01,10.48405304094133,14129131.844826559,2.99,C4 (very high),Tez paketinde ölçülmüş su kalite serisi bulunmadığı için doluluk-temelli vekil EC serisi üretildi; gerçek DSİ/laboratuvar verisiyle değiştirilebilir.
2022-08-01,12.51665407010171,16868424.3509582,2.95,C4 (very high),Tez paketinde ölçülmüş su kalite serisi bulunmadığı için doluluk-temelli vekil EC serisi üretildi; gerçek DSİ/laboratuvar verisiyle değiştirilebilir.
2022-09-01,17.19084598779983,23167731.843516417,2.86,C4 (very high),Tez paketinde ölçülmüş su kalite serisi bulunmadığı için doluluk-temelli vekil EC serisi üretildi; gerçek DSİ/laboratuvar verisiyle değiştirilebilir.
2022-10-01,23.37379086387201,31500353.11147165,2.73,C4 (very high),Tez paketinde ölçülmüş su kalite serisi bulunmadığı için doluluk-temelli vekil EC serisi üretildi; gerçek DSİ/laboratuvar verisiyle değiştirilebilir.
2022-11-01,27.45677221364122,37002898.89081631,2.65,C4 (very high),Tez paketinde ölçülmüş su kalite serisi bulunmadığı için doluluk-temelli vekil EC serisi üretildi; gerçek DSİ/laboratuvar verisiyle değiştirilebilir.
2022-12-01,30.2292301320927,40739280.54694319,2.6,C4 (very high),Tez paketinde ölçülmüş su kalite serisi bulunmadığı için doluluk-temelli vekil EC serisi üretildi; gerçek DSİ/laboratuvar verisiyle değiştirilebilir.
2023-01-01,30.65084328117808,41307479.481809005,2.59,C4 (very high),Tez paketinde ölçülmüş su kalite serisi bulunmadığı için doluluk-temelli vekil EC serisi üretildi; gerçek DSİ/laboratuvar verisiyle değiştirilebilir.
2023-02-01,28.39214888214583,38263485.82434918,2.63,C4 (very high),Tez paketinde ölçülmüş su kalite serisi bulunmadığı için doluluk-temelli vekil EC serisi üretildi; gerçek DSİ/laboratuvar verisiyle değiştirilebilir.
2023-03-01,23.90113108471179,32211038.137408562,2.72,C4 (very high),Tez paketinde ölçülmüş su kalite serisi bulunmadığı için doluluk-temelli vekil EC serisi üretildi; gerçek DSİ/laboratuvar verisiyle değiştirilebilir.
2023-04-01,17.98106848499571,24232697.635469913,2.84,C4 (very high),Tez paketinde ölçülmüş su kalite serisi bulunmadığı için doluluk-temelli vekil EC serisi üretildi; gerçek DSİ/laboratuvar verisiyle değiştirilebilir.
2023-05-01,12.09063622802071,16294289.30647634,2.96,C4 (very high),Tez paketinde ölçülmüş su kalite serisi bulunmadığı için doluluk-temelli vekil EC serisi üretildi; gerçek DSİ/laboratuvar verisiyle değiştirilebilir.
2023-06-01,7.510727402363427,10122045.10070052,3.05,C4 (very high),Tez paketinde ölçülmüş su kalite serisi bulunmadığı için doluluk-temelli vekil EC serisi üretildi; gerçek DSİ/laboratuvar verisiyle değiştirilebilir.
2023-07-01,5.281663346072264,7117983.616185755,3.09,C4 (very high),Tez paketinde ölçülmüş su kalite serisi bulunmadığı için doluluk-temelli vekil EC serisi üretildi; gerçek DSİ/laboratuvar verisiyle değiştirilebilir.
2023-08-01,5.703276495157636,7686182.551051588,3.09,C4 (very high),Tez paketinde ölçülmüş su kalite serisi bulunmadığı için doluluk-temelli vekil EC serisi üretildi; gerçek DSİ/laboratuvar verisiyle değiştirilebilir.
2023-09-01,8.446104070868042,11382632.034233402,3.03,C4 (very high),Tez paketinde ölçülmüş su kalite serisi bulunmadığı için doluluk-temelli vekil EC serisi üretildi; gerçek DSİ/laboratuvar verisiyle değiştirilebilir.
2023-10-01,12.55871576337833,16925109.986523114,2.95,C4 (very high),Tez paketinde ölçülmüş su kalite serisi bulunmadığı için doluluk-temelli vekil EC serisi üretildi; gerçek DSİ/laboratuvar verisiyle değiştirilebilir.
2023-11-01,18.39030970083145,24784223.183108803,2.83,C4 (very high),Tez paketinde ölçülmüş su kalite serisi bulunmadığı için doluluk-temelli vekil EC serisi üretildi; gerçek DSİ/laboratuvar verisiyle değiştirilebilir.
2023-12-01,22.62166214110909,30486725.476558037,2.75,C4 (very high),Tez paketinde ölçülmüş su kalite serisi bulunmadığı için doluluk-temelli vekil EC serisi üretildi; gerçek DSİ/laboratuvar verisiyle değiştirilebilir.
2024-01-01,24.06722904204666,32434884.767063722,2.72,C4 (very high),Tez paketinde ölçülmüş su kalite serisi bulunmadığı için doluluk-temelli vekil EC serisi üretildi; gerçek DSİ/laboratuvar verisiyle değiştirilebilir.
2024-02-01,22.30200130888408,30055925.47712111,2.75,C4 (very high),Tez paketinde ölçülmüş su kalite serisi bulunmadığı için doluluk-temelli vekil EC serisi üretildi; gerçek DSİ/laboratuvar verisiyle değiştirilebilir.
2024-03-01,17.76645549600522,23943468.345498048,2.84,C4 (very high),Tez paketinde ölçülmüş su kalite serisi bulunmadığı için doluluk-temelli vekil EC serisi üretildi; gerçek DSİ/laboratuvar verisiyle değiştirilebilir.
2024-04-01,11.61520072632709,15653555.149475427,2.97,C4 (very high),Tez paketinde ölçülmüş su kalite serisi bulunmadığı için doluluk-temelli vekil EC serisi üretildi; gerçek DSİ/laboratuvar verisiyle değiştirilebilir.
2024-05-01,5.469101776523561,7370590.340540514,3.09,C4 (very high),Tez paketinde ölçülmüş su kalite serisi bulunmadığı için doluluk-temelli vekil EC serisi üretildi; gerçek DSİ/laboratuvar verisiyle değiştirilebilir.
2024-06-01,5.0,6738392.008153152,3.1,C4 (very high),Tez paketinde ölçülmüş su kalite serisi bulunmadığı için doluluk-temelli vekil EC serisi üretildi; gerçek DSİ/laboratuvar verisiyle değiştirilebilir.
2024-07-01,5.0,6738392.008153152,3.1,C4 (very high),Tez paketinde ölçülmüş su kalite serisi bulunmadığı için doluluk-temelli vekil EC serisi üretildi; gerçek DSİ/laboratuvar verisiyle değiştirilebilir.
2024-08-01,5.0,6738392.008153152,3.1,C4 (very high),Tez paketinde ölçülmüş su kalite serisi bulunmadığı için doluluk-temelli vekil EC serisi üretildi; gerçek DSİ/laboratuvar verisiyle değiştirilebilir.
2024-09-01,5.0,6738392.008153152,3.1,C4 (very high),Tez paketinde ölçülmüş su kalite serisi bulunmadığı için doluluk-temelli vekil EC serisi üretildi; gerçek DSİ/laboratuvar verisiyle değiştirilebilir.
2024-10-01,10.67168568927585,14382000.312427746,2.99,C4 (very high),Tez paketinde ölçülmüş su kalite serisi bulunmadığı için doluluk-temelli vekil EC serisi üretildi; gerçek DSİ/laboratuvar verisiyle değiştirilebilir.
2024-11-01,17.42694742005544,23485920.644361366,2.85,C4 (very high),Tez paketinde ölçülmüş su kalite serisi bulunmadığı için doluluk-temelli vekil EC serisi üretildi; gerçek DSİ/laboratuvar verisiyle değiştirilebilir.
2024-12-01,22.68091869610528,30566584.25588144,2.75,C4 (very high),Tez paketinde ölçülmüş su kalite serisi bulunmadığı için doluluk-temelli vekil EC serisi üretildi; gerçek DSİ/laboratuvar verisiyle değiştirilebilir.
2025-01-01,25.45003769416732,34298466.121114716,2.69,C4 (very high),Tez paketinde ölçülmüş su kalite serisi bulunmadığı için doluluk-temelli vekil EC serisi üretildi; gerçek DSİ/laboratuvar verisiyle değiştirilebilir.
2025-02-01,25.30109768565866,34097742.88850889,2.69,C4 (very high),Tez paketinde ölçülmüş su kalite serisi bulunmadığı için doluluk-temelli vekil EC serisi üretildi; gerçek DSİ/laboratuvar verisiyle değiştirilebilir.
2025-03-01,22.49826159338458,30320421.22364034,2.75,C4 (very high),Tez paketinde ölçülmüş su kalite serisi bulunmadığı için doluluk-temelli vekil EC serisi üretildi; gerçek DSİ/laboratuvar verisiyle değiştirilebilir.
2025-04-01,18.36317885215837,24747659.524334174,2.83,C4 (very high),Tez paketinde ölçülmüş su kalite serisi bulunmadığı için doluluk-temelli vekil EC serisi üretildi; gerçek DSİ/laboratuvar verisiyle değiştirilebilir.
2025-05-01,14.18583515948776,19117943.653534055,2.92,C4 (very high),Tez paketinde ölçülmüş su kalite serisi bulunmadığı için doluluk-temelli vekil EC serisi üretildi; gerçek DSİ/laboratuvar verisiyle değiştirilebilir.
2025-06-01,11.50978192154689,15511484.503147442,2.97,C4 (very high),Tez paketinde ölçülmüş su kalite serisi bulunmadığı için doluluk-temelli vekil EC serisi üretildi; gerçek DSİ/laboratuvar verisiyle değiştirilebilir.
2025-07-01,11.31858096159383,15253807.099047652,2.97,C4 (very high),Tez paketinde ölçülmüş su kalite serisi bulunmadığı için doluluk-temelli vekil EC serisi üretildi; gerçek DSİ/laboratuvar verisiyle değiştirilebilir.
2025-08-01,14.08769995965588,18985688.964280926,2.92,C4 (very high),Tez paketinde ölçülmüş su kalite serisi bulunmadığı için doluluk-temelli vekil EC serisi üretildi; gerçek DSİ/laboratuvar verisiyle değiştirilebilir.
2025-09-01,19.38393218715012,26123306.747295003,2.81,C4 (very high),Tez paketinde ölçülmüş su kalite serisi bulunmadığı için doluluk-temelli vekil EC serisi üretildi; gerçek DSİ/laboratuvar verisiyle değiştirilebilir.
2025-10-01,26.0969329664853,35170272.907734625,2.68,C4 (very high),Tez paketinde ölçülmüş su kalite serisi bulunmadığı için doluluk-temelli vekil EC serisi üretildi; gerçek DSİ/laboratuvar verisiyle değiştirilebilir.
2025-11-01,,,3.0,C4 (very high),Tez paketinde ölçülmüş su kalite serisi bulunmadığı için doluluk-temelli vekil EC serisi üretildi; gerçek DSİ/laboratuvar verisiyle değiştirilebilir.
2025-12-01,,,3.0,C4 (very high),Tez paketinde ölçülmüş su kalite serisi bulunmadığı için doluluk-temelli vekil EC serisi üretildi; gerçek DSİ/laboratuvar verisiyle değiştirilebilir.
